rank_test_score,mean_fit_time,std_fit_time,mean_score_time,std_score_time,param_rgr__subsample,param_rgr__n_estimators,param_rgr__min_child_weight,param_rgr__max_depth,param_rgr__learning_rate,param_rgr__gamma,params,split0_test_score,split1_test_score,split2_test_score,split3_test_score,split4_test_score,mean_test_score,std_test_score
1,0.1939563751220703,0.005260877484356571,0.006406402587890625,0.000490388050395062,0.6,200,0.001,7,0.02,0.1,"{'rgr__subsample': 0.6, 'rgr__n_estimators': 200, 'rgr__min_child_weight': 0.001, 'rgr__max_depth': 7, 'rgr__learning_rate': 0.02, 'rgr__gamma': 0.1}",-0.24544202720708938,-0.3214819341005649,-0.19744701411850527,-0.5075062538392424,-0.6202260016942965,-0.3784206461919397,0.1605052706915806
2,0.20199813842773437,0.010117241085309335,0.006406211853027343,0.0004903491245328811,0.6,650,1,8,0.04,1.0,"{'rgr__subsample': 0.6, 'rgr__n_estimators': 650, 'rgr__min_child_weight': 1, 'rgr__max_depth': 8, 'rgr__learning_rate': 0.04, 'rgr__gamma': 1.0}",-0.22380947877649068,-0.34951727237806873,-0.21264654037589487,-0.5085108132369928,-0.6016699708799593,-0.37923081512948126,0.15426049587203552
3,0.13263096809387206,0.00728807752616952,0.006005716323852539,2.3360154559928684e-07,0.7,400,0.001,10,0.06,1.0,"{'rgr__subsample': 0.7, 'rgr__n_estimators': 400, 'rgr__min_child_weight': 0.001, 'rgr__max_depth': 10, 'rgr__learning_rate': 0.06, 'rgr__gamma': 1.0}",-0.23163905188864542,-0.3265740375965445,-0.22217264452752997,-0.5079684220600171,-0.6252261242129274,-0.3827160560571329,0.1589022735879926
4,0.10169987678527832,0.004367611867211531,0.006205844879150391,0.00040028096310427334,0.6,250,1,2,0.02,0.1,"{'rgr__subsample': 0.6, 'rgr__n_estimators': 250, 'rgr__min_child_weight': 1, 'rgr__max_depth': 2, 'rgr__learning_rate': 0.02, 'rgr__gamma': 0.1}",-0.23079731103110343,-0.3510022049408057,-0.2209801532794993,-0.5229453874828037,-0.5985089221629998,-0.3848467957794424,0.15261173079790594
5,0.17036471366882325,0.005845955264888945,0.005605459213256836,0.0004904659253024599,0.5,350,0.1,3,0.02,0.01,"{'rgr__subsample': 0.5, 'rgr__n_estimators': 350, 'rgr__min_child_weight': 0.1, 'rgr__max_depth': 3, 'rgr__learning_rate': 0.02, 'rgr__gamma': 0.01}",-0.24231290188612045,-0.3181497358347078,-0.20135487806246513,-0.5228821137126795,-0.6401757529222719,-0.3849750764836489,0.16892615881147455
6,0.19479107856750488,0.009550817807512156,0.0058056354522705075,0.0007491948161790411,0.7,700,1,3,0.06,1.0,"{'rgr__subsample': 0.7, 'rgr__n_estimators': 700, 'rgr__min_child_weight': 1, 'rgr__max_depth': 3, 'rgr__learning_rate': 0.06, 'rgr__gamma': 1.0}",-0.2419541303688228,-0.3181676348675729,-0.21330661578511398,-0.5053595143854489,-0.6475523837688238,-0.38526805583515655,0.16602837810870363
7,0.27086548805236815,0.014908871818997842,0.0062061786651611325,0.000400471697962482,0.5,950,0.001,3,0.04,1.0,"{'rgr__subsample': 0.5, 'rgr__n_estimators': 950, 'rgr__min_child_weight': 0.001, 'rgr__max_depth': 3, 'rgr__learning_rate': 0.04, 'rgr__gamma': 1.0}",-0.26199710260995324,-0.3367086290182026,-0.20957992705878187,-0.5138918889773889,-0.6064417882859733,-0.38572386719005997,0.15091781604121854
8,0.21481094360351563,0.005683788771329992,0.00700674057006836,0.0006329374963649977,0.5,250,1,6,0.02,0.01,"{'rgr__subsample': 0.5, 'rgr__n_estimators': 250, 'rgr__min_child_weight': 1, 'rgr__max_depth': 6, 'rgr__learning_rate': 0.02, 'rgr__gamma': 0.01}",-0.24820151025019227,-0.327144668941694,-0.19173097674331002,-0.5133923175900885,-0.6483700574154703,-0.38576790618815104,0.17044612488402466
9,0.12312078475952148,0.006170642794155352,0.005605506896972656,0.0004902129362053816,0.8,350,1,11,0.05,1.0,"{'rgr__subsample': 0.8, 'rgr__n_estimators': 350, 'rgr__min_child_weight': 1, 'rgr__max_depth': 11, 'rgr__learning_rate': 0.05, 'rgr__gamma': 1.0}",-0.235977363236581,-0.3740114672845029,-0.2155475966119787,-0.5048178811521651,-0.5991963029512213,-0.38591012224728977,0.14918099769231927
10,0.12572321891784669,0.007038545809613346,0.006206083297729492,0.00040016177157428304,0.6,350,1,8,0.05,1.0,"{'rgr__subsample': 0.6, 'rgr__n_estimators': 350, 'rgr__min_child_weight': 1, 'rgr__max_depth': 8, 'rgr__learning_rate': 0.05, 'rgr__gamma': 1.0}",-0.23382047019076677,-0.34754611921328105,-0.20833178383990097,-0.5249998586959124,-0.6173054342606943,-0.3864007332401111,0.16063976280758976
11,0.20328989028930664,0.011617188516304307,0.006206130981445313,0.00040037633053337707,0.5,500,0,9,0.02,1.0,"{'rgr__subsample': 0.5, 'rgr__n_estimators': 500, 'rgr__min_child_weight': 0, 'rgr__max_depth': 9, 'rgr__learning_rate': 0.02, 'rgr__gamma': 1.0}",-0.23999456337645436,-0.33795828817091345,-0.22016352501839195,-0.5074075718729999,-0.6280786355033865,-0.3867205167884292,0.15777616967495045
12,0.21437549591064453,0.010911084188980113,0.006606435775756836,0.0004902518079503424,0.8,750,0,10,0.05,1.0,"{'rgr__subsample': 0.8, 'rgr__n_estimators': 750, 'rgr__min_child_weight': 0, 'rgr__max_depth': 10, 'rgr__learning_rate': 0.05, 'rgr__gamma': 1.0}",-0.2343280439052025,-0.371510779587112,-0.21335553623260334,-0.5031787807142802,-0.6114296815647096,-0.38676056440078155,0.1533407619208542
13,0.1397371768951416,0.007453119799551015,0.006005716323852539,0.0006331636450608986,0.7,350,0.01,7,0.03,1.0,"{'rgr__subsample': 0.7, 'rgr__n_estimators': 350, 'rgr__min_child_weight': 0.01, 'rgr__max_depth': 7, 'rgr__learning_rate': 0.03, 'rgr__gamma': 1.0}",-0.22782142127973148,-0.34050974379558757,-0.2168548790301748,-0.5181665486982207,-0.6305048069558589,-0.38677147995191463,0.1630628832298411
14,0.1519489288330078,0.007060898526472232,0.007207202911376953,0.000748952679466648,0.5,450,0.1,6,0.06,1.0,"{'rgr__subsample': 0.5, 'rgr__n_estimators': 450, 'rgr__min_child_weight': 0.1, 'rgr__max_depth': 6, 'rgr__learning_rate': 0.06, 'rgr__gamma': 1.0}",-0.23795402611635164,-0.3334896317168608,-0.22164522637939146,-0.5185298523339132,-0.6226958986358555,-0.38686292703647457,0.15828634037566408
15,0.17056732177734374,0.009338505714270782,0.006606435775756836,0.000800955364314471,0.8,400,1,8,0.02,1.0,"{'rgr__subsample': 0.8, 'rgr__n_estimators': 400, 'rgr__min_child_weight': 1, 'rgr__max_depth': 8, 'rgr__learning_rate': 0.02, 'rgr__gamma': 1.0}",-0.23157895142933174,-0.360214859275567,-0.22298167596653043,-0.5001969658240356,-0.6193507570034064,-0.3868646418997742,0.15399707300070956
16,0.12551937103271485,0.005759088296250927,0.006606435775756836,0.0004903492172723773,0.7,400,0.1,10,0.09,1.0,"{'rgr__subsample': 0.7, 'rgr__n_estimators': 400, 'rgr__min_child_weight': 0.1, 'rgr__max_depth': 10, 'rgr__learning_rate': 0.09, 'rgr__gamma': 1.0}",-0.24315149985411832,-0.32939976042032704,-0.2291854369380228,-0.5117272903036797,-0.6251141782892029,-0.38771563316107016,0.15567165002211084
17,0.3437370300292969,0.014569047735535499,0.007206964492797852,0.00040051938167703487,0.8,750,0.1,3,0.01,0.01,"{'rgr__subsample': 0.8, 'rgr__n_estimators': 750, 'rgr__min_child_weight': 0.1, 'rgr__max_depth': 3, 'rgr__learning_rate': 0.01, 'rgr__gamma': 0.01}",-0.25390641035883,-0.31553572269729835,-0.20193618541149255,-0.520281454332221,-0.6489810263899501,-0.38812815983795834,0.16938789953132
18,0.24644160270690918,0.013300648614186311,0.007807683944702148,0.0022294836309290746,0.7,850,0.1,9,0.04,1.0,"{'rgr__subsample': 0.7, 'rgr__n_estimators': 850, 'rgr__min_child_weight': 0.1, 'rgr__max_depth': 9, 'rgr__learning_rate': 0.04, 'rgr__gamma': 1.0}",-0.22656319154115986,-0.33999599538355224,-0.21927453166893157,-0.5139630323728469,-0.6413484832324694,-0.388229046839792,0.16546080406949082
19,0.27607059478759766,0.011714394022410729,0.007006931304931641,0.0006330882639552345,0.9,950,0.001,13,0.03,1.0,"{'rgr__subsample': 0.9, 'rgr__n_estimators': 950, 'rgr__min_child_weight': 0.001, 'rgr__max_depth': 13, 'rgr__learning_rate': 0.03, 'rgr__gamma': 1.0}",-0.23679751397054177,-0.36426474126707187,-0.2296521115439941,-0.5002363978561023,-0.6118563741110813,-0.38856142774975827,0.14913531928779708
20,0.1601569175720215,0.006818618059769186,0.006806707382202149,0.0007491183629653321,0.5,500,0.001,7,0.06,1.0,"{'rgr__subsample': 0.5, 'rgr__n_estimators': 500, 'rgr__min_child_weight': 0.001, 'rgr__max_depth': 7, 'rgr__learning_rate': 0.06, 'rgr__gamma': 1.0}",-0.24031787515201355,-0.34502929925985876,-0.2170307922602961,-0.5162749944371114,-0.6273439930900302,-0.389199390839862,0.15913503049363123
21,0.23603129386901855,0.010769857906794408,0.006606531143188476,0.0004904270380749881,0.6,500,0,6,0.09,0.01,"{'rgr__subsample': 0.6, 'rgr__n_estimators': 500, 'rgr__min_child_weight': 0, 'rgr__max_depth': 6, 'rgr__learning_rate': 0.09, 'rgr__gamma': 0.01}",-0.2732064850813066,-0.3114786478124652,-0.18321932342860786,-0.5587686642207002,-0.6232471147707623,-0.38998404706276846,0.17055887744646314
22,0.16922554969787598,0.007504747721120832,0.006806659698486328,0.00040044787384890704,0.8,300,0,4,0.01,1.0,"{'rgr__subsample': 0.8, 'rgr__n_estimators': 300, 'rgr__min_child_weight': 0, 'rgr__max_depth': 4, 'rgr__learning_rate': 0.01, 'rgr__gamma': 1.0}",-0.23015047765510455,-0.36689009308583953,-0.23082694315588384,-0.5041854241217344,-0.6186280510762003,-0.39013619781895253,0.15279463582737796
23,0.0562553882598877,0.0022292052967504182,0.005805444717407226,0.0007490801152201102,0.8,100,0.001,7,0.08,1.0,"{'rgr__subsample': 0.8, 'rgr__n_estimators': 100, 'rgr__min_child_weight': 0.001, 'rgr__max_depth': 7, 'rgr__learning_rate': 0.08, 'rgr__gamma': 1.0}",-0.2378054783286541,-0.35950295470184307,-0.22730007754979586,-0.5114779936328313,-0.6148999668318857,-0.39019729420900207,0.15225058972431407
24,0.1483454704284668,0.007145690016516853,0.006206083297729492,0.0007490164304098793,0.6,500,0.001,7,0.1,1.0,"{'rgr__subsample': 0.6, 'rgr__n_estimators': 500, 'rgr__min_child_weight': 0.001, 'rgr__max_depth': 7, 'rgr__learning_rate': 0.1, 'rgr__gamma': 1.0}",-0.22882119994129874,-0.3391587147305659,-0.2183196126722941,-0.5558608306157633,-0.6099956292091595,-0.3904311974338163,0.16367318632980307
25,0.08828673362731934,0.004312572325970447,0.006005716323852539,1.7841612752790173e-07,0.8,150,1,6,0.03,1.0,"{'rgr__subsample': 0.8, 'rgr__n_estimators': 150, 'rgr__min_child_weight': 1, 'rgr__max_depth': 6, 'rgr__learning_rate': 0.03, 'rgr__gamma': 1.0}",-0.23466518139733078,-0.3709323912403618,-0.22681937704950333,-0.5064211396712509,-0.6150274857248721,-0.3907731150166638,0.15186089545403872
26,0.1661628246307373,0.005767493225591429,0.006005859375,1.9073486328125e-07,0.9,550,0,5,0.05,1.0,"{'rgr__subsample': 0.9, 'rgr__n_estimators': 550, 'rgr__min_child_weight': 0, 'rgr__max_depth': 5, 'rgr__learning_rate': 0.05, 'rgr__gamma': 1.0}",-0.22562813562649192,-0.3564811869312923,-0.23380171526308355,-0.5086534078474527,-0.6294874706167033,-0.3908103832570048,0.15746054804489718
27,0.4220138072967529,0.019580141352526854,0.007807540893554688,0.0007487870230750717,0.8,1000,0.001,9,0.02,0.1,"{'rgr__subsample': 0.8, 'rgr__n_estimators': 1000, 'rgr__min_child_weight': 0.001, 'rgr__max_depth': 9, 'rgr__learning_rate': 0.02, 'rgr__gamma': 0.1}",-0.2326943322266481,-0.3414715806211122,-0.20042736562954044,-0.5060988808993288,-0.6743884823970966,-0.3910161283547452,0.17741953713456865
28,0.8404215335845947,0.03839426623203851,0.008808469772338868,0.0004003525632173939,0.8,1000,0.001,8,0.01,0.01,"{'rgr__subsample': 0.8, 'rgr__n_estimators': 1000, 'rgr__min_child_weight': 0.001, 'rgr__max_depth': 8, 'rgr__learning_rate': 0.01, 'rgr__gamma': 0.01}",-0.2646345221450058,-0.3421554434020658,-0.19931205006778255,-0.5181378208285746,-0.6343077393463965,-0.39170951515796504,0.16152922912221304
29,0.1810898780822754,0.006973320971025015,0.005805587768554688,0.000400471697962482,0.9,300,1,4,0.02,0.1,"{'rgr__subsample': 0.9, 'rgr__n_estimators': 300, 'rgr__min_child_weight': 1, 'rgr__max_depth': 4, 'rgr__learning_rate': 0.02, 'rgr__gamma': 0.1}",-0.24766142917968545,-0.3349813978203181,-0.21783857430302264,-0.5290782735526569,-0.6304622111482893,-0.39200437720079445,0.161289569006733
30,0.15234928131103515,0.005274074009786833,0.006206035614013672,0.00040054324127378817,0.9,300,0.1,3,0.01,0.1,"{'rgr__subsample': 0.9, 'rgr__n_estimators': 300, 'rgr__min_child_weight': 0.1, 'rgr__max_depth': 3, 'rgr__learning_rate': 0.01, 'rgr__gamma': 0.1}",-0.2352103392764979,-0.3697025062543807,-0.23928545537294743,-0.500715603694253,-0.615372506938373,-0.3920572823072904,0.14840232546291218
31,0.1287261962890625,0.004321553491615718,0.006406259536743164,0.0004904075191221414,0.9,400,1,5,0.06,1.0,"{'rgr__subsample': 0.9, 'rgr__n_estimators': 400, 'rgr__min_child_weight': 1, 'rgr__max_depth': 5, 'rgr__learning_rate': 0.06, 'rgr__gamma': 1.0}",-0.22896216528065733,-0.35958364388067815,-0.22956163318614226,-0.5086686387827467,-0.6350782142342234,-0.39237085907288954,0.15919565354345458
32,0.38898134231567383,0.019945724241217353,0.007407379150390625,0.0004904075191221414,0.6,600,0.1,12,0.02,0.1,"{'rgr__subsample': 0.6, 'rgr__n_estimators': 600, 'rgr__min_child_weight': 0.1, 'rgr__max_depth': 12, 'rgr__learning_rate': 0.02, 'rgr__gamma': 0.1}",-0.2528369245750146,-0.3260556352839813,-0.20457789478787586,-0.5191122498746392,-0.6598110200007881,-0.39247874490445983,0.17130159768100325
33,0.15495214462280274,0.0056054966812841564,0.006606292724609375,0.0004903296905844956,0.6,100,0.01,12,0.07,0.01,"{'rgr__subsample': 0.6, 'rgr__n_estimators': 100, 'rgr__min_child_weight': 0.01, 'rgr__max_depth': 12, 'rgr__learning_rate': 0.07, 'rgr__gamma': 0.01}",-0.2823787292571907,-0.31759641007322503,-0.21253477921571712,-0.5017186335867396,-0.6481924420792687,-0.39248419884242824,0.15964464059685626
34,0.26566033363342284,0.006865463223942668,0.007407283782958985,0.0008006811337200803,0.6,200,0.1,9,0.01,0.01,"{'rgr__subsample': 0.6, 'rgr__n_estimators': 200, 'rgr__min_child_weight': 0.1, 'rgr__max_depth': 9, 'rgr__learning_rate': 0.01, 'rgr__gamma': 0.01}",-0.23945590032852054,-0.3664818099905002,-0.23292957830217584,-0.503002871982868,-0.6223472297104413,-0.39284347806290115,0.1513949840467468
35,0.8732051849365234,0.0374381787684537,0.009208965301513671,0.00040016177157428304,0.7,850,0.001,9,0.01,0.01,"{'rgr__subsample': 0.7, 'rgr__n_estimators': 850, 'rgr__min_child_weight': 0.001, 'rgr__max_depth': 9, 'rgr__learning_rate': 0.01, 'rgr__gamma': 0.01}",-0.26303595614765934,-0.33275801543474,-0.19337771584827398,-0.5413932011628882,-0.64100712799916,-0.39431440331854434,0.16963976251935084
36,0.08448300361633301,0.0036697411227367416,0.00620579719543457,0.00040042404263954166,0.8,200,1,9,0.06,1.0,"{'rgr__subsample': 0.8, 'rgr__n_estimators': 200, 'rgr__min_child_weight': 1, 'rgr__max_depth': 9, 'rgr__learning_rate': 0.06, 'rgr__gamma': 1.0}",-0.23935639127968295,-0.38043420744619627,-0.22375872026764448,-0.5121962422246852,-0.6166895820018525,-0.3944870286440123,0.15273544801012062
37,0.2000967025756836,0.0105195774823529,0.006406307220458984,0.0004905632689332583,0.5,700,0,7,0.09,1.0,"{'rgr__subsample': 0.5, 'rgr__n_estimators': 700, 'rgr__min_child_weight': 0, 'rgr__max_depth': 7, 'rgr__learning_rate': 0.09, 'rgr__gamma': 1.0}",-0.23944835828704628,-0.3267035432644058,-0.21666102254479824,-0.5600752595182772,-0.630054771303846,-0.3945885909836747,0.16921303179887492
38,0.16996665000915528,0.009588677250762715,0.006606531143188476,0.000490524319893101,0.8,150,0.001,11,0.03,0.1,"{'rgr__subsample': 0.8, 'rgr__n_estimators': 150, 'rgr__min_child_weight': 0.001, 'rgr__max_depth': 11, 'rgr__learning_rate': 0.03, 'rgr__gamma': 0.1}",-0.2420351874927343,-0.3540961802760069,-0.21224180121930566,-0.5041522859917132,-0.660723098902604,-0.39464971077647276,0.16792515527453228
39,0.16286044120788573,0.009865621571551686,0.006406116485595703,0.0008008241706678243,0.6,150,1,13,0.04,0.1,"{'rgr__subsample': 0.6, 'rgr__n_estimators': 150, 'rgr__min_child_weight': 1, 'rgr__max_depth': 13, 'rgr__learning_rate': 0.04, 'rgr__gamma': 0.1}",-0.24190542071442034,-0.33379813055622864,-0.18831963794691325,-0.5155767233412893,-0.696097223432152,-0.3951394271982007,0.18713555410930932
40,0.3065004825592041,0.014648592476223668,0.00700688362121582,2.132480599880018e-07,0.8,850,0.001,10,0.04,0.1,"{'rgr__subsample': 0.8, 'rgr__n_estimators': 850, 'rgr__min_child_weight': 0.001, 'rgr__max_depth': 10, 'rgr__learning_rate': 0.04, 'rgr__gamma': 0.1}",-0.2574709655608762,-0.34365585673178095,-0.20680374015841238,-0.5112048149698268,-0.6574980553614511,-0.3953266865564695,0.1669590027822709
41,0.2604553699493408,0.011748712963167441,0.006806707382202149,0.00040035250642402915,1.0,750,0.1,2,0.01,0.1,"{'rgr__subsample': 1.0, 'rgr__n_estimators': 750, 'rgr__min_child_weight': 0.1, 'rgr__max_depth': 2, 'rgr__learning_rate': 0.01, 'rgr__gamma': 0.1}",-0.23671384079132865,-0.34853649124210234,-0.22242672265809754,-0.5360953274270279,-0.6337179363411759,-0.39549806369194646,0.163638507760965
42,0.10189976692199706,0.004837785214471363,0.005805778503417969,0.000749041898912669,0.9,300,0.01,5,0.07,1.0,"{'rgr__subsample': 0.9, 'rgr__n_estimators': 300, 'rgr__min_child_weight': 0.01, 'rgr__max_depth': 5, 'rgr__learning_rate': 0.07, 'rgr__gamma': 1.0}",-0.2342933731186786,-0.38092869594171835,-0.2294189038021777,-0.5028919047191119,-0.6328700817826737,-0.39608059187287203,0.15598635931181967
43,0.3821749210357666,0.019649473906139487,0.00820765495300293,0.000748748961864167,0.5,600,0.001,7,0.02,0.1,"{'rgr__subsample': 0.5, 'rgr__n_estimators': 600, 'rgr__min_child_weight': 0.001, 'rgr__max_depth': 7, 'rgr__learning_rate': 0.02, 'rgr__gamma': 0.1}",-0.26923721926038635,-0.32345876534046447,-0.1848420646265819,-0.5263306925459806,-0.6845657975481573,-0.39768690786431415,0.1822968938963796
44,0.35845203399658204,0.015623574086914364,0.007207107543945312,0.0009806009025313926,0.6,850,0.001,6,0.06,0.01,"{'rgr__subsample': 0.6, 'rgr__n_estimators': 850, 'rgr__min_child_weight': 0.001, 'rgr__max_depth': 6, 'rgr__learning_rate': 0.06, 'rgr__gamma': 0.01}",-0.28509021562749953,-0.3587394340187889,-0.18727583515720972,-0.5312045470521322,-0.6308200702822264,-0.39862602042757134,0.16164242145588323
45,0.2834778785705566,0.01580657735459749,0.007207202911376953,0.00040040020433311876,0.8,800,0.1,6,0.09,0.01,"{'rgr__subsample': 0.8, 'rgr__n_estimators': 800, 'rgr__min_child_weight': 0.1, 'rgr__max_depth': 6, 'rgr__learning_rate': 0.09, 'rgr__gamma': 0.01}",-0.281379133532344,-0.3452711296832501,-0.2111461464015866,-0.5627579228341116,-0.593032219771181,-0.39871731044449465,0.1526271863589454
46,0.21200790405273437,0.011063580056960664,0.00700688362121582,0.0006330882567722335,0.9,500,0.01,5,0.1,0.01,"{'rgr__subsample': 0.9, 'rgr__n_estimators': 500, 'rgr__min_child_weight': 0.01, 'rgr__max_depth': 5, 'rgr__learning_rate': 0.1, 'rgr__gamma': 0.01}",-0.276797145593904,-0.327576448527873,-0.20513346575099484,-0.5391553834596622,-0.6459086086527918,-0.3989142103970451,0.16626872837182122
47,0.4268688678741455,0.01980325603639051,0.007807540893554688,0.000748850727394882,0.9,1000,0.1,13,0.02,0.1,"{'rgr__subsample': 0.9, 'rgr__n_estimators': 1000, 'rgr__min_child_weight': 0.1, 'rgr__max_depth': 13, 'rgr__learning_rate': 0.02, 'rgr__gamma': 0.1}",-0.2432215310895339,-0.35332459023419094,-0.22877742700663728,-0.5186596707132136,-0.6523377682548274,-0.39926419745968067,0.16360135171072832
48,0.17628397941589355,0.010236486390834168,0.006806707382202149,0.000400471697962482,0.9,350,1,4,0.1,0.01,"{'rgr__subsample': 0.9, 'rgr__n_estimators': 350, 'rgr__min_child_weight': 1, 'rgr__max_depth': 4, 'rgr__learning_rate': 0.1, 'rgr__gamma': 0.01}",-0.3178334712333804,-0.304986806101835,-0.21562947533076046,-0.5156170246571231,-0.6427594699340656,-0.3993652494514329,0.1562490178676567
49,0.26181879043579104,0.013712137659538102,0.007207012176513672,0.0011674306538625712,0.6,950,1,11,0.06,1.0,"{'rgr__subsample': 0.6, 'rgr__n_estimators': 950, 'rgr__min_child_weight': 1, 'rgr__max_depth': 11, 'rgr__learning_rate': 0.06, 'rgr__gamma': 1.0}",-0.23782312697402072,-0.3501067823291552,-0.2165992907272064,-0.5315783601094433,-0.664138918848088,-0.4000492957975827,0.17292120322548504
50,0.17637271881103517,0.007633714667807634,0.006806612014770508,0.0011673652443751881,0.6,400,0,6,0.07,0.1,"{'rgr__subsample': 0.6, 'rgr__n_estimators': 400, 'rgr__min_child_weight': 0, 'rgr__max_depth': 6, 'rgr__learning_rate': 0.07, 'rgr__gamma': 0.1}",-0.27125349706777396,-0.3382605336932296,-0.19296663294459535,-0.5211469526106162,-0.6769514794476033,-0.4001158191527637,0.17585725905750652
51,0.38958206176757815,0.020003521815123288,0.007807588577270508,0.0007491821149846762,0.9,750,0,7,0.03,0.01,"{'rgr__subsample': 0.9, 'rgr__n_estimators': 750, 'rgr__min_child_weight': 0, 'rgr__max_depth': 7, 'rgr__learning_rate': 0.03, 'rgr__gamma': 0.01}",-0.27648176491224546,-0.34730963968862366,-0.21861908197844523,-0.5428418478409673,-0.6167405561322419,-0.4003985781105047,0.15382557247471118
52,0.2001962184906006,0.008587448890533244,0.006406307220458984,0.0008007288032368178,0.7,550,1,6,0.07,0.1,"{'rgr__subsample': 0.7, 'rgr__n_estimators': 550, 'rgr__min_child_weight': 1, 'rgr__max_depth': 6, 'rgr__learning_rate': 0.07, 'rgr__gamma': 0.1}",-0.261378797275302,-0.34922401309694073,-0.20448044552790176,-0.5420594457057125,-0.6457496173689458,-0.40057846379496054,0.1676866257762833
53,0.11090874671936035,0.004838173928282976,0.006206035614013672,0.00040030492211181343,1.0,350,1,3,0.04,1.0,"{'rgr__subsample': 1.0, 'rgr__n_estimators': 350, 'rgr__min_child_weight': 1, 'rgr__max_depth': 3, 'rgr__learning_rate': 0.04, 'rgr__gamma': 1.0}",-0.2385761557502354,-0.3786935337423285,-0.2528273732809216,-0.5115669671487221,-0.6241223329455539,-0.40115727257355227,0.14889104535654854
54,0.09249076843261719,0.0027304350285172817,0.006205940246582031,0.00040023327938972197,0.9,150,0.001,10,0.09,0.1,"{'rgr__subsample': 0.9, 'rgr__n_estimators': 150, 'rgr__min_child_weight': 0.001, 'rgr__max_depth': 10, 'rgr__learning_rate': 0.09, 'rgr__gamma': 0.1}",-0.26745375767998136,-0.364730215486416,-0.221887357957283,-0.49591626190441723,-0.6599533528052746,-0.4019881891666744,0.1595571921035443
55,0.25585098266601564,0.012463849124793001,0.006606340408325195,0.0012011528583025341,0.8,750,0.01,11,0.06,0.1,"{'rgr__subsample': 0.8, 'rgr__n_estimators': 750, 'rgr__min_child_weight': 0.01, 'rgr__max_depth': 11, 'rgr__learning_rate': 0.06, 'rgr__gamma': 0.1}",-0.2612304674923467,-0.35810190463508484,-0.2068652773782239,-0.5277993662465754,-0.6586890975846147,-0.402537222667369,0.1682462447471801
56,0.16275949478149415,0.0075598074978069085,0.006606483459472656,0.0008008003376829803,1.0,600,1,7,0.09,1.0,"{'rgr__subsample': 1.0, 'rgr__n_estimators': 600, 'rgr__min_child_weight': 1, 'rgr__max_depth': 7, 'rgr__learning_rate': 0.09, 'rgr__gamma': 1.0}",-0.25227307122412984,-0.3876689492422295,-0.258296148524126,-0.501212932441563,-0.6153097712906475,-0.40295217454453913,0.14043792967384736
57,0.20319924354553223,0.010247181576309678,0.007407379150390625,0.0010205997056596623,0.9,400,0,5,0.08,0.01,"{'rgr__subsample': 0.9, 'rgr__n_estimators': 400, 'rgr__min_child_weight': 0, 'rgr__max_depth': 5, 'rgr__learning_rate': 0.08, 'rgr__gamma': 0.01}",-0.28771250911716073,-0.3211257440021084,-0.20233287400981775,-0.5403657995218494,-0.6664503076758888,-0.40359744686536503,0.17235749915883636
58,0.5046108722686767,0.022283215899265744,0.007807445526123047,0.00040016179998450155,0.9,650,1,11,0.01,0.1,"{'rgr__subsample': 0.9, 'rgr__n_estimators': 650, 'rgr__min_child_weight': 1, 'rgr__max_depth': 11, 'rgr__learning_rate': 0.01, 'rgr__gamma': 0.1}",-0.2529419348422706,-0.3559309611397907,-0.22648877308362014,-0.5180330965942052,-0.6657561907486369,-0.4038301912817047,0.16622822477942528
59,0.12692461013793946,0.004879119442227992,0.006205892562866211,0.0004004956001411572,0.8,200,0,4,0.07,0.01,"{'rgr__subsample': 0.8, 'rgr__n_estimators': 200, 'rgr__min_child_weight': 0, 'rgr__max_depth': 4, 'rgr__learning_rate': 0.07, 'rgr__gamma': 0.01}",-0.29773196506876676,-0.34396962226458255,-0.20083524710498163,-0.5602060071971235,-0.6217880207632286,-0.4049061724797366,0.16000018202971752
60,0.3015170097351074,0.01712589908255985,0.007207155227661133,0.00040030483691162467,0.9,700,1,12,0.03,0.1,"{'rgr__subsample': 0.9, 'rgr__n_estimators': 700, 'rgr__min_child_weight': 1, 'rgr__max_depth': 12, 'rgr__learning_rate': 0.03, 'rgr__gamma': 0.1}",-0.24878514259586748,-0.3588165374404533,-0.23542721816728598,-0.5255912179477831,-0.6562157257467779,-0.40496716837963354,0.16305980470079148
61,0.19639801979064941,0.008436308802869047,0.006206226348876953,0.0004004479022388277,0.5,250,0.1,9,0.04,0.1,"{'rgr__subsample': 0.5, 'rgr__n_estimators': 250, 'rgr__min_child_weight': 0.1, 'rgr__max_depth': 9, 'rgr__learning_rate': 0.04, 'rgr__gamma': 0.1}",-0.2763353432193161,-0.3512235854576464,-0.19979509891045713,-0.5280734290254481,-0.6730046219007061,-0.4056864157027148,0.1723523939818238
62,0.25104622840881347,0.011559475019375563,0.007007026672363281,2.431401974483864e-07,0.9,600,0.001,8,0.06,0.01,"{'rgr__subsample': 0.9, 'rgr__n_estimators': 600, 'rgr__min_child_weight': 0.001, 'rgr__max_depth': 8, 'rgr__learning_rate': 0.06, 'rgr__gamma': 0.01}",-0.27582866864258837,-0.35820962339523965,-0.22143434556911204,-0.5292801713427432,-0.6453963407142514,-0.40602982993278697,0.15862003690797294
63,0.0766754150390625,0.0041801382778798276,0.00600581169128418,0.0006328620847296563,0.6,100,0.01,5,0.1,0.1,"{'rgr__subsample': 0.6, 'rgr__n_estimators': 100, 'rgr__min_child_weight': 0.01, 'rgr__max_depth': 5, 'rgr__learning_rate': 0.1, 'rgr__gamma': 0.1}",-0.27797025505596723,-0.3366080706168026,-0.21074498447901002,-0.5670924292627267,-0.6407201265645918,-0.40662717319581965,0.1675551959142035
64,0.21200790405273437,0.008503083371876512,0.006606435775756836,0.0004904465377067964,0.6,350,0.001,12,0.09,0.01,"{'rgr__subsample': 0.6, 'rgr__n_estimators': 350, 'rgr__min_child_weight': 0.001, 'rgr__max_depth': 12, 'rgr__learning_rate': 0.09, 'rgr__gamma': 0.01}",-0.33117448151698237,-0.33051890998459504,-0.18854040007042822,-0.5399723242269241,-0.6457969973648274,-0.4072006226327515,0.16372471218366227
65,0.18878498077392578,0.009143442693859893,0.007006931304931641,0.0006331636450608986,0.9,300,0.001,13,0.07,0.01,"{'rgr__subsample': 0.9, 'rgr__n_estimators': 300, 'rgr__min_child_weight': 0.001, 'rgr__max_depth': 13, 'rgr__learning_rate': 0.07, 'rgr__gamma': 0.01}",-0.2793081958915045,-0.3594751213883223,-0.2366560867908053,-0.5045523982312091,-0.6562073581796172,-0.4072398320962917,0.15440294677583785
66,0.24509048461914062,0.010789772516314714,0.006806755065917968,0.0007490036533341869,1.0,1000,0.001,2,0.08,1.0,"{'rgr__subsample': 1.0, 'rgr__n_estimators': 1000, 'rgr__min_child_weight': 0.001, 'rgr__max_depth': 2, 'rgr__learning_rate': 0.08, 'rgr__gamma': 1.0}",-0.23806396857351583,-0.38247973464770496,-0.23341386976964196,-0.5419171620517055,-0.6415020392443195,-0.4074753548573775,0.1627670039965448
67,0.20029683113098146,0.009230928153081543,0.006806707382202149,0.0004002333077948645,1.0,600,0.01,6,0.05,0.1,"{'rgr__subsample': 1.0, 'rgr__n_estimators': 600, 'rgr__min_child_weight': 0.01, 'rgr__max_depth': 6, 'rgr__learning_rate': 0.05, 'rgr__gamma': 0.1}",-0.2621462819209351,-0.39152361397749347,-0.2507223430242624,-0.48508625710878167,-0.6513472843279886,-0.4081651560718923,0.14929239444783213
68,0.14774494171142577,0.00755986937424335,0.006606388092041016,0.0008008122883355213,0.9,300,0.001,3,0.03,0.01,"{'rgr__subsample': 0.9, 'rgr__n_estimators': 300, 'rgr__min_child_weight': 0.001, 'rgr__max_depth': 3, 'rgr__learning_rate': 0.03, 'rgr__gamma': 0.01}",-0.2656331576814639,-0.3286687279693902,-0.20928533633678165,-0.5553880938025133,-0.6834937647351123,-0.40849381610505225,0.18092436618624222
69,0.3165102958679199,0.014593610160275227,0.01701669692993164,0.020049394269419527,0.7,950,0.01,6,0.1,0.01,"{'rgr__subsample': 0.7, 'rgr__n_estimators': 950, 'rgr__min_child_weight': 0.01, 'rgr__max_depth': 6, 'rgr__learning_rate': 0.1, 'rgr__gamma': 0.01}",-0.27990146224474466,-0.34439830876277616,-0.20697296312832877,-0.5692943307594687,-0.6425007633037219,-0.40861356563980805,0.1684463516184754
70,0.24981379508972168,0.014533846893034065,0.00700688362121582,0.0008952153685290157,1.0,900,0.1,4,0.08,0.1,"{'rgr__subsample': 1.0, 'rgr__n_estimators': 900, 'rgr__min_child_weight': 0.1, 'rgr__max_depth': 4, 'rgr__learning_rate': 0.08, 'rgr__gamma': 0.1}",-0.27695884476405275,-0.3298659382026613,-0.21147567870676015,-0.5240787180784909,-0.7056139646404636,-0.40959862887848575,0.18107130501909782
71,0.2312150478363037,0.012333247812736509,0.007207059860229492,0.0007490546358748074,1.0,850,1,5,0.09,0.1,"{'rgr__subsample': 1.0, 'rgr__n_estimators': 850, 'rgr__min_child_weight': 1, 'rgr__max_depth': 5, 'rgr__learning_rate': 0.09, 'rgr__gamma': 0.1}",-0.25375235583604216,-0.3485952290138042,-0.23024782263996438,-0.5190398240103427,-0.6964687305200468,-0.4096207924040399,0.1757543827426771
72,0.1509481430053711,0.005711850518020327,0.006606292724609375,0.0004904269917126001,0.9,100,0.01,12,0.06,0.01,"{'rgr__subsample': 0.9, 'rgr__n_estimators': 100, 'rgr__min_child_weight': 0.01, 'rgr__max_depth': 12, 'rgr__learning_rate': 0.06, 'rgr__gamma': 0.01}",-0.27884546361802687,-0.3688909405875329,-0.2382135880433078,-0.5057946113361401,-0.6576060765477479,-0.4098701360265512,0.1541994363760489
73,0.23563122749328613,0.012496302483046095,0.006806516647338867,0.000749322347300384,0.9,450,0.001,12,0.06,0.01,"{'rgr__subsample': 0.9, 'rgr__n_estimators': 450, 'rgr__min_child_weight': 0.001, 'rgr__max_depth': 12, 'rgr__learning_rate': 0.06, 'rgr__gamma': 0.01}",-0.2791686815411321,-0.3685546256647505,-0.2376041684895045,-0.5063994812239395,-0.6583726598665122,-0.41001992335716775,0.15461999342282992
74,0.2972996234893799,0.01817051173441717,0.007206964492797852,0.00040040020433311876,0.7,800,0.01,4,0.1,0.01,"{'rgr__subsample': 0.7, 'rgr__n_estimators': 800, 'rgr__min_child_weight': 0.01, 'rgr__max_depth': 4, 'rgr__learning_rate': 0.1, 'rgr__gamma': 0.01}",-0.2706996918661958,-0.34128958494682043,-0.2087473500930756,-0.5815193219558727,-0.6479972277408629,-0.4100506353205655,0.17360292133162514
75,0.39638657569885255,0.019204196826721816,0.007807588577270508,0.0007492458464059702,0.7,1000,1,13,0.03,0.1,"{'rgr__subsample': 0.7, 'rgr__n_estimators': 1000, 'rgr__min_child_weight': 1, 'rgr__max_depth': 13, 'rgr__learning_rate': 0.03, 'rgr__gamma': 0.1}",-0.25112096649525784,-0.3378119098256935,-0.21025407235288826,-0.5406629268014944,-0.7113126681857075,-0.41023250873220835,0.1887929857860139
76,0.11631417274475098,0.0063749712119250445,0.0056054115295410155,0.0008010626318213535,0.5,350,0.01,10,0.1,1.0,"{'rgr__subsample': 0.5, 'rgr__n_estimators': 350, 'rgr__min_child_weight': 0.01, 'rgr__max_depth': 10, 'rgr__learning_rate': 0.1, 'rgr__gamma': 1.0}",-0.2822129704661253,-0.31404329463990627,-0.21215459965643027,-0.5439382948421746,-0.7048839368058417,-0.4114466192820956,0.18415512815687043
77,0.30269670486450195,0.012005010798289454,0.007607507705688477,0.0004903102373164541,0.7,750,0.01,4,0.08,0.01,"{'rgr__subsample': 0.7, 'rgr__n_estimators': 750, 'rgr__min_child_weight': 0.01, 'rgr__max_depth': 4, 'rgr__learning_rate': 0.08, 'rgr__gamma': 0.01}",-0.28111738680935044,-0.3342322404151369,-0.1964953811068298,-0.5766857585655805,-0.6720475515395176,-0.41211566368728303,0.1813098921053833
78,0.29428858757019044,0.014711235781027824,0.00700688362121582,3.371747880871523e-07,0.5,450,0.001,10,0.03,0.1,"{'rgr__subsample': 0.5, 'rgr__n_estimators': 450, 'rgr__min_child_weight': 0.001, 'rgr__max_depth': 10, 'rgr__learning_rate': 0.03, 'rgr__gamma': 0.1}",-0.29586336751750897,-0.32511785386761327,-0.18766746548704238,-0.5406639737395226,-0.7140220721339822,-0.41266694654913383,0.18927801608639172
79,0.2717623233795166,0.012622996071554798,0.006806468963623047,0.0007490546358748074,0.6,700,0.001,3,0.05,0.1,"{'rgr__subsample': 0.6, 'rgr__n_estimators': 700, 'rgr__min_child_weight': 0.001, 'rgr__max_depth': 3, 'rgr__learning_rate': 0.05, 'rgr__gamma': 0.1}",-0.3034316477397139,-0.33590328285263865,-0.19968662359867684,-0.5739651491583942,-0.6521432270540826,-0.4130259860807012,0.1712022097268079
80,0.19979591369628907,0.009099541157793262,0.006406211853027343,0.0004902518079503424,1.0,750,0,7,0.07,1.0,"{'rgr__subsample': 1.0, 'rgr__n_estimators': 750, 'rgr__min_child_weight': 0, 'rgr__max_depth': 7, 'rgr__learning_rate': 0.07, 'rgr__gamma': 1.0}",-0.2633185383678139,-0.3967557091894904,-0.27305942581668224,-0.5133637241635338,-0.627575325688727,-0.41481454464524947,0.1402503232824009
81,0.18985986709594727,0.007607204041233737,0.006606340408325195,0.0004903685855318217,0.6,200,0.001,13,0.08,0.01,"{'rgr__subsample': 0.6, 'rgr__n_estimators': 200, 'rgr__min_child_weight': 0.001, 'rgr__max_depth': 13, 'rgr__learning_rate': 0.08, 'rgr__gamma': 0.01}",-0.3288023945662441,-0.3334899745955162,-0.21011502609528707,-0.5322364721906601,-0.6700124048166781,-0.41493125445287715,0.16421172756428418
82,0.16388187408447266,0.006232998514723474,0.00620574951171875,0.000980795574346945,0.6,200,1,12,0.1,0.01,"{'rgr__subsample': 0.6, 'rgr__n_estimators': 200, 'rgr__min_child_weight': 1, 'rgr__max_depth': 12, 'rgr__learning_rate': 0.1, 'rgr__gamma': 0.01}",-0.3069156469970443,-0.3209809688601924,-0.20704902054168883,-0.5325364475561284,-0.7085504151565292,-0.41520649982231655,0.1809706412487996
83,0.1249650001525879,0.0074439242015551365,0.005805778503417969,0.0004004479022388277,0.6,150,0.001,8,0.01,1.0,"{'rgr__subsample': 0.6, 'rgr__n_estimators': 150, 'rgr__min_child_weight': 0.001, 'rgr__max_depth': 8, 'rgr__learning_rate': 0.01, 'rgr__gamma': 1.0}",-0.2470422630515488,-0.4131246849882601,-0.2552626608645633,-0.5270319281972916,-0.6352304270501528,-0.41553839283036337,0.15151269274975263
84,0.271666431427002,0.013075732211205372,0.007006788253784179,0.0010965410222576123,0.9,900,1,12,0.08,0.1,"{'rgr__subsample': 0.9, 'rgr__n_estimators': 900, 'rgr__min_child_weight': 1, 'rgr__max_depth': 12, 'rgr__learning_rate': 0.08, 'rgr__gamma': 0.1}",-0.2658678205817769,-0.37354405601065593,-0.23401581523417797,-0.5221333967570824,-0.6826795573616199,-0.4156481291890626,0.16723760769529117
85,0.36505851745605467,0.021462340949861044,0.007607507705688477,0.0004902128666314247,0.5,850,0.01,3,0.03,0.1,"{'rgr__subsample': 0.5, 'rgr__n_estimators': 850, 'rgr__min_child_weight': 0.01, 'rgr__max_depth': 3, 'rgr__learning_rate': 0.03, 'rgr__gamma': 0.1}",-0.2946642172548997,-0.3325560731379048,-0.19276796930432485,-0.5865258519075852,-0.6758609923821012,-0.4164750207973632,0.18337037598253225
86,0.24633731842041015,0.012354962378615764,0.007006788253784179,0.0006330128774648862,1.0,800,1,7,0.1,0.01,"{'rgr__subsample': 1.0, 'rgr__n_estimators': 800, 'rgr__min_child_weight': 1, 'rgr__max_depth': 7, 'rgr__learning_rate': 0.1, 'rgr__gamma': 0.01}",-0.2882127692543833,-0.40223067005330626,-0.24736637652934004,-0.5064024595983606,-0.6390499687029366,-0.4166524488276654,0.1434421378438772
87,0.35986766815185545,0.01764321388881725,0.008007955551147462,0.0008953752953663294,0.6,1000,0,11,0.1,0.01,"{'rgr__subsample': 0.6, 'rgr__n_estimators': 1000, 'rgr__min_child_weight': 0, 'rgr__max_depth': 11, 'rgr__learning_rate': 0.1, 'rgr__gamma': 0.01}",-0.3020403336119248,-0.3149209770196553,-0.18618448262202675,-0.5413838805297829,-0.7388593630276701,-0.4166778073622119,0.19797774377686314
88,0.33081464767456054,0.01583202188769081,0.007207012176513672,0.0004002571389991545,0.8,1000,0,12,0.1,0.01,"{'rgr__subsample': 0.8, 'rgr__n_estimators': 1000, 'rgr__min_child_weight': 0, 'rgr__max_depth': 12, 'rgr__learning_rate': 0.1, 'rgr__gamma': 0.01}",-0.27204475181591836,-0.3890488253018246,-0.2114850612291777,-0.5479806751684329,-0.6640291543301873,-0.41691769356910824,0.16864696183804476
89,0.3145923137664795,0.015150731892142708,0.007207155227661133,0.0007491565966175897,0.7,850,0,11,0.09,0.01,"{'rgr__subsample': 0.7, 'rgr__n_estimators': 850, 'rgr__min_child_weight': 0, 'rgr__max_depth': 11, 'rgr__learning_rate': 0.09, 'rgr__gamma': 0.01}",-0.29890370251370857,-0.3415741209411987,-0.21512828855153082,-0.5270166579894904,-0.7049117178282202,-0.4175068975648298,0.1762858611274112
90,0.4419053077697754,0.018679400640702132,0.007807636260986328,0.0007491310955922391,0.6,700,0,13,0.04,0.01,"{'rgr__subsample': 0.6, 'rgr__n_estimators': 700, 'rgr__min_child_weight': 0, 'rgr__max_depth': 13, 'rgr__learning_rate': 0.04, 'rgr__gamma': 0.01}",-0.3309176454761157,-0.3322418079268788,-0.1796691476490082,-0.5272514832630733,-0.7200167227011105,-0.41801936140323726,0.18702373361229074
91,0.4172090530395508,0.016281258097583438,0.007607364654541015,0.0008007407237220152,0.6,650,1,13,0.04,0.01,"{'rgr__subsample': 0.6, 'rgr__n_estimators': 650, 'rgr__min_child_weight': 1, 'rgr__max_depth': 13, 'rgr__learning_rate': 0.04, 'rgr__gamma': 0.01}",-0.3308530327970635,-0.33271576185332985,-0.17973193521622616,-0.5269635451549488,-0.7206608198662917,-0.41818501897757204,0.18714492820244552
92,0.3078025817871094,0.014027206231005585,0.007007026672363281,0.0012660257118266341,0.5,650,0.1,5,0.07,0.01,"{'rgr__subsample': 0.5, 'rgr__n_estimators': 650, 'rgr__min_child_weight': 0.1, 'rgr__max_depth': 5, 'rgr__learning_rate': 0.07, 'rgr__gamma': 0.01}",-0.28648676436657644,-0.35905467651036815,-0.19179463304139366,-0.5862647953155123,-0.6712651312838368,-0.41897320010353745,0.1813232929457935
93,0.225421142578125,0.009997838740297691,0.0070068359375,0.0008954286470572419,0.5,350,1,5,0.07,0.01,"{'rgr__subsample': 0.5, 'rgr__n_estimators': 350, 'rgr__min_child_weight': 1, 'rgr__max_depth': 5, 'rgr__learning_rate': 0.07, 'rgr__gamma': 0.01}",-0.2862448182784845,-0.3602155763170513,-0.19323407100862716,-0.58522882490181,-0.6743647645687311,-0.4198576110149408,0.18159807772286685
94,0.1375351905822754,0.00776914017632581,0.006606101989746094,0.0008004307902234779,0.9,150,0,11,0.01,1.0,"{'rgr__subsample': 0.9, 'rgr__n_estimators': 150, 'rgr__min_child_weight': 0, 'rgr__max_depth': 11, 'rgr__learning_rate': 0.01, 'rgr__gamma': 1.0}",-0.24678754466004563,-0.4189973514867004,-0.26975367125751126,-0.5260043968940064,-0.6393290433307167,-0.4201744015257961,0.14961251860676722
95,0.3394336700439453,0.011309789580703418,0.007407188415527344,0.0004903688173713282,0.5,400,0.001,12,0.05,0.01,"{'rgr__subsample': 0.5, 'rgr__n_estimators': 400, 'rgr__min_child_weight': 0.001, 'rgr__max_depth': 12, 'rgr__learning_rate': 0.05, 'rgr__gamma': 0.01}",-0.38526229323456174,-0.33322176150452015,-0.18506095022016578,-0.5539738538733079,-0.6487785743189142,-0.421259486630294,0.1638378626052924
96,0.24444179534912108,0.016096765586778045,0.006806516647338867,0.000400376330533377,0.5,500,0.1,6,0.1,0.01,"{'rgr__subsample': 0.5, 'rgr__n_estimators': 500, 'rgr__min_child_weight': 0.1, 'rgr__max_depth': 6, 'rgr__learning_rate': 0.1, 'rgr__gamma': 0.01}",-0.30855208628616465,-0.3478374074718332,-0.19827293222005923,-0.6327445679943059,-0.6310843199970818,-0.42369826279388895,0.1769403433019695
97,0.296690845489502,0.014692160676879592,0.007006931304931641,0.0006330882639552344,0.7,1000,0,7,0.09,0.1,"{'rgr__subsample': 0.7, 'rgr__n_estimators': 1000, 'rgr__min_child_weight': 0, 'rgr__max_depth': 7, 'rgr__learning_rate': 0.09, 'rgr__gamma': 0.1}",-0.26632248704840256,-0.3536404300223927,-0.23659193630068617,-0.5777909163311172,-0.6896872913396758,-0.42480661220845484,0.17842229632345022
98,0.22223367691040039,0.010638535543900951,0.006206130981445313,0.0004006147491061416,0.5,500,0.001,11,0.07,0.1,"{'rgr__subsample': 0.5, 'rgr__n_estimators': 500, 'rgr__min_child_weight': 0.001, 'rgr__max_depth': 11, 'rgr__learning_rate': 0.07, 'rgr__gamma': 0.1}",-0.3349384145740491,-0.36770092109572267,-0.1945794455068012,-0.5843274989016242,-0.6477656996901255,-0.4258623959536646,0.1670293362116017
99,0.2094050884246826,0.008804065886169731,0.006406402587890625,0.0004904854094812158,0.5,400,0.01,5,0.1,0.01,"{'rgr__subsample': 0.5, 'rgr__n_estimators': 400, 'rgr__min_child_weight': 0.01, 'rgr__max_depth': 5, 'rgr__learning_rate': 0.1, 'rgr__gamma': 0.01}",-0.3150699729100246,-0.36798958460137543,-0.20512908499957822,-0.5888698122364907,-0.6535354645231471,-0.4261187838541233,0.1689695434708405
100,0.09949779510498047,0.004275045807718553,0.006406068801879883,0.0013575699105003668,0.5,100,1,10,0.09,0.1,"{'rgr__subsample': 0.5, 'rgr__n_estimators': 100, 'rgr__min_child_weight': 1, 'rgr__max_depth': 10, 'rgr__learning_rate': 0.09, 'rgr__gamma': 0.1}",-0.3499611798654818,-0.37904329630772127,-0.20626231184244243,-0.5768333528572418,-0.6314566436219506,-0.42871135689896767,0.15569062993469365
101,0.24928340911865235,0.008464448156978752,0.006606435775756836,0.0008008361124471018,1.0,700,0.1,9,0.04,0.1,"{'rgr__subsample': 1.0, 'rgr__n_estimators': 700, 'rgr__min_child_weight': 0.1, 'rgr__max_depth': 9, 'rgr__learning_rate': 0.04, 'rgr__gamma': 0.1}",-0.29268697014410533,-0.395391203472762,-0.2808614943736062,-0.5564874085173869,-0.6406517645311769,-0.43321576820780744,0.14325952353226257
102,0.3187124729156494,0.016768707452511803,0.007807683944702148,0.000980776100790124,1.0,900,1,8,0.05,0.01,"{'rgr__subsample': 1.0, 'rgr__n_estimators': 900, 'rgr__min_child_weight': 1, 'rgr__max_depth': 8, 'rgr__learning_rate': 0.05, 'rgr__gamma': 0.01}",-0.3123510594998322,-0.4051551277365454,-0.29276389064297303,-0.49958320626296354,-0.6625742932747557,-0.434485515483414,0.13573821556980903
103,0.22101688385009766,0.008984135911888467,0.006406164169311524,0.0004902907415388204,0.5,300,1,12,0.09,0.01,"{'rgr__subsample': 0.5, 'rgr__n_estimators': 300, 'rgr__min_child_weight': 1, 'rgr__max_depth': 12, 'rgr__learning_rate': 0.09, 'rgr__gamma': 0.01}",-0.38739037225061607,-0.3796677440848117,-0.18670418559961105,-0.6018656145928385,-0.6520985555863091,-0.4415452944228373,0.168369153008234
104,0.24949359893798828,0.011499260889283453,0.006406259536743164,0.000490310283689882,0.8,550,0,3,0.08,0.01,"{'rgr__subsample': 0.8, 'rgr__n_estimators': 550, 'rgr__min_child_weight': 0, 'rgr__max_depth': 3, 'rgr__learning_rate': 0.08, 'rgr__gamma': 0.01}",-0.3050762086658273,-0.31773928701369963,-0.20128016971349527,-0.611472981323337,-0.7726282125118776,-0.44163937184564733,0.21455551363805234
105,0.2441399574279785,0.010518528911984935,0.007207059860229492,0.0004005909107963379,1.0,700,0.01,13,0.05,0.1,"{'rgr__subsample': 1.0, 'rgr__n_estimators': 700, 'rgr__min_child_weight': 0.01, 'rgr__max_depth': 13, 'rgr__learning_rate': 0.05, 'rgr__gamma': 0.1}",-0.2738924663084766,-0.4255134932907936,-0.3032548905103921,-0.5324607315900035,-0.6768242052465591,-0.442389157389245,0.14906840530891274
106,0.11651420593261719,0.005243486143231365,0.006606531143188476,0.0004904269917126001,1.0,200,0.001,9,0.1,0.01,"{'rgr__subsample': 1.0, 'rgr__n_estimators': 200, 'rgr__min_child_weight': 0.001, 'rgr__max_depth': 9, 'rgr__learning_rate': 0.1, 'rgr__gamma': 0.01}",-0.32306551280585394,-0.4118425704181704,-0.31509424621315835,-0.5060036442502674,-0.66995248170573,-0.445191691078636,0.13203622160659756
107,0.4621537208557129,0.021061985438760207,0.007407283782958985,0.0010209176496521893,1.0,600,0.001,10,0.01,0.1,"{'rgr__subsample': 1.0, 'rgr__n_estimators': 600, 'rgr__min_child_weight': 0.001, 'rgr__max_depth': 10, 'rgr__learning_rate': 0.01, 'rgr__gamma': 0.1}",-0.2834651242465721,-0.4431422903360253,-0.2984748828097226,-0.5507405533686857,-0.6651936634634176,-0.44820330284488463,0.1464114650210645
108,0.15906381607055664,0.007418599181058081,0.006005716323852539,3.5040231839893024e-07,1.0,450,1,10,0.08,0.1,"{'rgr__subsample': 1.0, 'rgr__n_estimators': 450, 'rgr__min_child_weight': 1, 'rgr__max_depth': 10, 'rgr__learning_rate': 0.08, 'rgr__gamma': 0.1}",-0.2854888018196235,-0.43972868771672324,-0.30661714543230706,-0.541029485458637,-0.6685070412054945,-0.44827423232655705,0.14404504856167344
109,0.09809622764587403,0.003349988104912676,0.006406164169311524,0.0004902907183511827,1.0,150,0.001,13,0.08,0.1,"{'rgr__subsample': 1.0, 'rgr__n_estimators': 150, 'rgr__min_child_weight': 0.001, 'rgr__max_depth': 13, 'rgr__learning_rate': 0.08, 'rgr__gamma': 0.1}",-0.2730036075072779,-0.42450291287725084,-0.30054485280042476,-0.5587684832239723,-0.6897155051838266,-0.44930707231855055,0.15723000416978414
110,0.23800926208496093,0.014368520128143773,0.006206226348876953,0.0004003287036155747,1.0,700,0.01,2,0.04,0.1,"{'rgr__subsample': 1.0, 'rgr__n_estimators': 700, 'rgr__min_child_weight': 0.01, 'rgr__max_depth': 2, 'rgr__learning_rate': 0.04, 'rgr__gamma': 0.1}",-0.3546926565303222,-0.32361615700322804,-0.19394221488102706,-0.5957404986046966,-0.7841024557326911,-0.450418796550393,0.2114170389147106
111,0.21654057502746582,0.011115597562646141,0.006406307220458984,0.0004904659253024599,1.0,600,0,13,0.06,0.1,"{'rgr__subsample': 1.0, 'rgr__n_estimators': 600, 'rgr__min_child_weight': 0, 'rgr__max_depth': 13, 'rgr__learning_rate': 0.06, 'rgr__gamma': 0.1}",-0.2731022940185593,-0.41700390200603105,-0.30263231644479555,-0.5527191368141602,-0.7099505791312769,-0.4510816456829646,0.16261515912876373
112,0.26285767555236816,0.016612752074592414,0.007407188415527344,0.0008006096028230813,1.0,950,0.001,2,0.08,0.1,"{'rgr__subsample': 1.0, 'rgr__n_estimators': 950, 'rgr__min_child_weight': 0.001, 'rgr__max_depth': 2, 'rgr__learning_rate': 0.08, 'rgr__gamma': 0.1}",-0.36706303323893075,-0.32501510233197084,-0.19348982535815262,-0.6038563837475421,-0.7783130239789666,-0.4535474737311126,0.20961657400125844
113,0.08968830108642578,0.0018563940737719169,0.005805540084838867,0.00040044787384890704,0.6,100,0.01,5,0.01,0.01,"{'rgr__subsample': 0.6, 'rgr__n_estimators': 100, 'rgr__min_child_weight': 0.01, 'rgr__max_depth': 5, 'rgr__learning_rate': 0.01, 'rgr__gamma': 0.01}",-0.28024032513486336,-0.4582708464228695,-0.301327995405532,-0.5504110438698662,-0.6869754266294189,-0.45544512749251,0.15302392136603216
114,0.13933687210083007,0.005952143788265604,0.006606245040893554,0.0010207306075960705,1.0,100,0.001,10,0.03,0.1,"{'rgr__subsample': 1.0, 'rgr__n_estimators': 100, 'rgr__min_child_weight': 0.001, 'rgr__max_depth': 10, 'rgr__learning_rate': 0.03, 'rgr__gamma': 0.1}",-0.2851746862783799,-0.46521542347632994,-0.30939075985200803,-0.5449183527119933,-0.6727616567964594,-0.4554921758230341,0.14536249930012662
115,0.2991939067840576,0.023044432176675417,0.007006931304931641,0.0012662895815002406,1.0,800,0.01,3,0.09,0.01,"{'rgr__subsample': 1.0, 'rgr__n_estimators': 800, 'rgr__min_child_weight': 0.01, 'rgr__max_depth': 3, 'rgr__learning_rate': 0.09, 'rgr__gamma': 0.01}",-0.35356442812003624,-0.3259946405605186,-0.22160104928838018,-0.6024222534447872,-0.7841927675816983,-0.4575550277990841,0.2056575728747069
116,0.3183121681213379,0.018271643879556747,0.006606435775756836,0.0008008957051129305,1.0,750,0,3,0.06,0.01,"{'rgr__subsample': 1.0, 'rgr__n_estimators': 750, 'rgr__min_child_weight': 0, 'rgr__max_depth': 3, 'rgr__learning_rate': 0.06, 'rgr__gamma': 0.01}",-0.36973584841161444,-0.32735764517877347,-0.21561413311278263,-0.6088527195155387,-0.7676168930816979,-0.4578354478600814,0.20111087582489626
117,0.24515237808227539,0.015239677929413982,0.006806802749633789,0.000980776100790124,1.0,900,0.001,2,0.1,0.1,"{'rgr__subsample': 1.0, 'rgr__n_estimators': 900, 'rgr__min_child_weight': 0.001, 'rgr__max_depth': 2, 'rgr__learning_rate': 0.1, 'rgr__gamma': 0.1}",-0.3782390693227522,-0.3256264941388894,-0.20498971780716693,-0.5969517483584469,-0.7886095802904687,-0.45888332198354476,0.20808898850003343
118,0.2686633110046387,0.015161994703198666,0.006606578826904297,0.0004903686087157774,0.8,750,1,2,0.06,0.01,"{'rgr__subsample': 0.8, 'rgr__n_estimators': 750, 'rgr__min_child_weight': 1, 'rgr__max_depth': 2, 'rgr__learning_rate': 0.06, 'rgr__gamma': 0.01}",-0.3423269438911738,-0.3326606259084388,-0.2033989790340785,-0.6623287710214341,-0.7734807768046397,-0.46283921933195293,0.21682858274027636
119,0.3388331413269043,0.014698555555977377,0.007407188415527344,0.000490660755442845,1.0,900,1,11,0.05,0.01,"{'rgr__subsample': 1.0, 'rgr__n_estimators': 900, 'rgr__min_child_weight': 1, 'rgr__max_depth': 11, 'rgr__learning_rate': 0.05, 'rgr__gamma': 0.01}",-0.3643878864117739,-0.4456808764242367,-0.3682686321851331,-0.48533065955096144,-0.6804250638754571,-0.4688186236895125,0.11541348957974724
120,0.21380972862243652,0.008244401220555492,0.00700688362121582,0.0008952686916545557,0.6,850,0,8,0.1,10.0,"{'rgr__subsample': 0.6, 'rgr__n_estimators': 850, 'rgr__min_child_weight': 0, 'rgr__max_depth': 8, 'rgr__learning_rate': 0.1, 'rgr__gamma': 10.0}",-0.2991188423087569,-0.4860379045145758,-0.30063149501235525,-0.5608367057238316,-0.6994272714551779,-0.46921044380293947,0.1542908538546937
121,0.07006893157958985,0.002532239886012393,0.006606340408325195,0.0008007288174347381,0.8,150,0.1,2,0.01,0.01,"{'rgr__subsample': 0.8, 'rgr__n_estimators': 150, 'rgr__min_child_weight': 0.1, 'rgr__max_depth': 2, 'rgr__learning_rate': 0.01, 'rgr__gamma': 0.01}",-0.282943865340716,-0.4809052119754806,-0.30429433455656124,-0.5706383775162904,-0.7076982389054539,-0.4692960056589004,0.16074411123873827
122,0.16870031356811524,0.007877022042219415,0.006206035614013672,0.00040018559567517087,0.5,650,1,3,0.05,10.0,"{'rgr__subsample': 0.5, 'rgr__n_estimators': 650, 'rgr__min_child_weight': 1, 'rgr__max_depth': 3, 'rgr__learning_rate': 0.05, 'rgr__gamma': 10.0}",-0.2934381524619559,-0.48941422005914376,-0.2978741221297485,-0.570643019741237,-0.6980200076643238,-0.46987790441128185,0.15703527155411073
123,0.24463987350463867,0.012749912461179123,0.006806707382202149,0.0007491820846350889,0.9,700,0.01,2,0.05,0.01,"{'rgr__subsample': 0.9, 'rgr__n_estimators': 700, 'rgr__min_child_weight': 0.01, 'rgr__max_depth': 2, 'rgr__learning_rate': 0.05, 'rgr__gamma': 0.01}",-0.36721863662885224,-0.31841593562881504,-0.21550432624770846,-0.6353187103715113,-0.8159785862498765,-0.4704872390253527,0.22151300472856036
124,0.20239853858947754,0.008804269737866662,0.005805683135986328,0.000400161828394718,0.6,800,0,11,0.07,10.0,"{'rgr__subsample': 0.6, 'rgr__n_estimators': 800, 'rgr__min_child_weight': 0, 'rgr__max_depth': 11, 'rgr__learning_rate': 0.07, 'rgr__gamma': 10.0}",-0.29811124460697846,-0.4911769999585939,-0.2974957914696189,-0.567703542304007,-0.706485073024408,-0.4721945302727213,0.15823969391086581
125,0.20148987770080568,0.00934156492908317,0.006406402587890625,0.0004906800697005415,0.7,800,0.001,7,0.08,10.0,"{'rgr__subsample': 0.7, 'rgr__n_estimators': 800, 'rgr__min_child_weight': 0.001, 'rgr__max_depth': 7, 'rgr__learning_rate': 0.08, 'rgr__gamma': 10.0}",-0.28941256067137955,-0.48331926629654,-0.30048858842682724,-0.5731854798241439,-0.722379477427672,-0.4737570745293125,0.16480012777882513
126,0.23943486213684081,0.010880638127407721,0.006806802749633789,0.0007490801152201102,0.7,950,0.1,5,0.04,10.0,"{'rgr__subsample': 0.7, 'rgr__n_estimators': 950, 'rgr__min_child_weight': 0.1, 'rgr__max_depth': 5, 'rgr__learning_rate': 0.04, 'rgr__gamma': 10.0}",-0.29066151682423336,-0.4868395339528155,-0.2991822479899684,-0.5765497652016079,-0.7168672883436619,-0.4740200704624574,0.1636093344154595
127,0.12330574989318847,0.005198291237375818,0.005998468399047852,0.0006331111629476652,0.6,450,0,7,0.06,10.0,"{'rgr__subsample': 0.6, 'rgr__n_estimators': 450, 'rgr__min_child_weight': 0, 'rgr__max_depth': 7, 'rgr__learning_rate': 0.06, 'rgr__gamma': 10.0}",-0.29472187976925707,-0.49563880461039667,-0.30261976922767253,-0.5760523164540254,-0.7010995038792844,-0.47402645478812727,0.157460421830111
128,0.08908729553222657,0.004102810958006671,0.006406211853027343,0.0010207119182123348,0.6,300,1,8,0.08,10.0,"{'rgr__subsample': 0.6, 'rgr__n_estimators': 300, 'rgr__min_child_weight': 1, 'rgr__max_depth': 8, 'rgr__learning_rate': 0.08, 'rgr__gamma': 10.0}",-0.3007350107496437,-0.5058092975764173,-0.30404572239048056,-0.5729160845582341,-0.6904440346965479,-0.4747900299942646,0.15267372766333945
129,0.2126086711883545,0.00936002023697351,0.006806564331054687,0.0011676841781360528,0.8,850,1,13,0.08,10.0,"{'rgr__subsample': 0.8, 'rgr__n_estimators': 850, 'rgr__min_child_weight': 1, 'rgr__max_depth': 13, 'rgr__learning_rate': 0.08, 'rgr__gamma': 10.0}",-0.2980560391776952,-0.4763152468899222,-0.2991040481516987,-0.5861710271399078,-0.7155210132979366,-0.4750334749314321,0.16276340530527114
130,0.06726598739624023,0.0031905326157326435,0.006506967544555664,0.0007756183790150042,0.5,200,0.001,13,0.06,10.0,"{'rgr__subsample': 0.5, 'rgr__n_estimators': 200, 'rgr__min_child_weight': 0.001, 'rgr__max_depth': 13, 'rgr__learning_rate': 0.06, 'rgr__gamma': 10.0}",-0.3213690512330418,-0.49126126794405056,-0.3016150274928779,-0.5740490796337915,-0.690079636719478,-0.4756748126046479,0.14832190626667813
131,0.15675392150878906,0.006627557141307448,0.006205940246582031,0.0007491183477892472,0.7,600,1,12,0.1,10.0,"{'rgr__subsample': 0.7, 'rgr__n_estimators': 600, 'rgr__min_child_weight': 1, 'rgr__max_depth': 12, 'rgr__learning_rate': 0.1, 'rgr__gamma': 10.0}",-0.28347014603236365,-0.4859761207632898,-0.29845373690028876,-0.5888837894101746,-0.7238663297974405,-0.47613002458071146,0.16903865003119922
132,0.06606478691101074,0.0029011747971154863,0.0058057308197021484,0.0004004241278143665,0.6,200,0,9,0.1,10.0,"{'rgr__subsample': 0.6, 'rgr__n_estimators': 200, 'rgr__min_child_weight': 0, 'rgr__max_depth': 9, 'rgr__learning_rate': 0.1, 'rgr__gamma': 10.0}",-0.30942368992057545,-0.4890819362343307,-0.30119385940414,-0.5784461816462154,-0.7046257225614381,-0.47655427795333993,0.15571730536823225
133,0.07767610549926758,0.0033855524412233513,0.006005859375,2.4314019744838644e-07,0.7,250,0.001,7,0.08,10.0,"{'rgr__subsample': 0.7, 'rgr__n_estimators': 250, 'rgr__min_child_weight': 0.001, 'rgr__max_depth': 7, 'rgr__learning_rate': 0.08, 'rgr__gamma': 10.0}",-0.2920753847779433,-0.4848252874542599,-0.3006292086326957,-0.589672629041378,-0.7198255214370746,-0.4774056062686703,0.1655436722441265
134,0.0999375343322754,0.043790319868359066,0.00600581169128418,1.784161275279017e-07,0.7,250,1,2,0.08,10.0,"{'rgr__subsample': 0.7, 'rgr__n_estimators': 250, 'rgr__min_child_weight': 1, 'rgr__max_depth': 2, 'rgr__learning_rate': 0.08, 'rgr__gamma': 10.0}",-0.29375290168685486,-0.4848252874542599,-0.3006292086326957,-0.589672629041378,-0.7198255214370746,-0.4777411096504526,0.16516900386584138
135,0.22372002601623536,0.013096691673385633,0.006606388092041016,0.0004904075423042564,1.0,650,0.01,2,0.07,0.01,"{'rgr__subsample': 1.0, 'rgr__n_estimators': 650, 'rgr__min_child_weight': 0.01, 'rgr__max_depth': 2, 'rgr__learning_rate': 0.07, 'rgr__gamma': 0.01}",-0.4105170407867628,-0.327319389612164,-0.19813491791549243,-0.6360635356044491,-0.8208370872536487,-0.47857439423450343,0.22275671049010223
136,0.07847704887390136,0.0028028454112109793,0.006206035614013672,0.0004003048085115577,0.6,250,0.01,13,0.06,10.0,"{'rgr__subsample': 0.6, 'rgr__n_estimators': 250, 'rgr__min_child_weight': 0.01, 'rgr__max_depth': 13, 'rgr__learning_rate': 0.06, 'rgr__gamma': 10.0}",-0.29969249643822365,-0.48922527113902087,-0.3017901062738903,-0.5948453442110712,-0.7090072618585306,-0.47891209598414736,0.16123431960057524
137,0.05605525970458984,0.0016749655540464494,0.005805587768554688,0.00040023327938972197,0.7,150,0.1,7,0.06,10.0,"{'rgr__subsample': 0.7, 'rgr__n_estimators': 150, 'rgr__min_child_weight': 0.1, 'rgr__max_depth': 7, 'rgr__learning_rate': 0.06, 'rgr__gamma': 10.0}",-0.29368466229774154,-0.4812675947891078,-0.29993247448373034,-0.6068015569603549,-0.7146552347426965,-0.47926830465472625,0.16629994753729604
138,0.08007869720458985,0.0029013228720034456,0.006406021118164062,0.0004904075423042564,0.7,250,1,13,0.04,10.0,"{'rgr__subsample': 0.7, 'rgr__n_estimators': 250, 'rgr__min_child_weight': 1, 'rgr__max_depth': 13, 'rgr__learning_rate': 0.04, 'rgr__gamma': 10.0}",-0.29322266899362975,-0.49703372896223547,-0.29929063763532876,-0.5958903711887737,-0.7165356657520788,-0.4803946145064093,0.16565670143430705
139,0.06906781196594239,0.0029011912522568855,0.006205987930297851,0.0004003286468188251,0.7,200,0.1,12,0.04,10.0,"{'rgr__subsample': 0.7, 'rgr__n_estimators': 200, 'rgr__min_child_weight': 0.1, 'rgr__max_depth': 12, 'rgr__learning_rate': 0.04, 'rgr__gamma': 10.0}",-0.2946601879929598,-0.497899621613166,-0.29916328554410604,-0.5955608604348006,-0.7148297205497561,-0.4804227352269577,0.16484633830112788
140,0.18558206558227539,0.009466575111550097,0.006205892562866211,0.0004003763589283707,0.9,550,0.01,2,0.09,0.1,"{'rgr__subsample': 0.9, 'rgr__n_estimators': 550, 'rgr__min_child_weight': 0.01, 'rgr__max_depth': 2, 'rgr__learning_rate': 0.09, 'rgr__gamma': 0.1}",-0.3927067402443496,-0.3327067497032735,-0.2127685899130467,-0.6372665959905556,-0.8270844285912241,-0.4805066208884899,0.22177788022259248
141,0.11120972633361817,0.005242751628859481,0.005605554580688477,0.0004904464449857028,0.8,400,0.01,3,0.08,10.0,"{'rgr__subsample': 0.8, 'rgr__n_estimators': 400, 'rgr__min_child_weight': 0.01, 'rgr__max_depth': 3, 'rgr__learning_rate': 0.08, 'rgr__gamma': 10.0}",-0.29880398433987365,-0.48907354937768793,-0.3019838943150176,-0.6001903857327205,-0.7138987232809016,-0.4807901074092403,0.16355750028603774
142,0.15902481079101563,0.006854605895952317,0.006606483459472656,0.0004902907415388203,0.5,600,0.1,13,0.03,10.0,"{'rgr__subsample': 0.5, 'rgr__n_estimators': 600, 'rgr__min_child_weight': 0.1, 'rgr__max_depth': 13, 'rgr__learning_rate': 0.03, 'rgr__gamma': 10.0}",-0.3013517596292843,-0.4945298341568888,-0.3046494089502082,-0.5821751150914232,-0.7239721256150301,-0.48133564868856693,0.16298918496860845
143,0.14754467010498046,0.005683719907812102,0.006406450271606445,0.0008008957476978141,0.9,550,0.001,8,0.05,10.0,"{'rgr__subsample': 0.9, 'rgr__n_estimators': 550, 'rgr__min_child_weight': 0.001, 'rgr__max_depth': 8, 'rgr__learning_rate': 0.05, 'rgr__gamma': 10.0}",-0.2991158288873704,-0.4928043144621703,-0.3079522400872995,-0.6035769256531259,-0.708364738612577,-0.4823628095405086,0.161169017847583
144,0.2679253578186035,0.018057429352805514,0.007006931304931641,3.814697265625e-07,0.5,1000,0.1,12,0.01,10.0,"{'rgr__subsample': 0.5, 'rgr__n_estimators': 1000, 'rgr__min_child_weight': 0.1, 'rgr__max_depth': 12, 'rgr__learning_rate': 0.01, 'rgr__gamma': 10.0}",-0.3004488195729658,-0.4966007657798906,-0.3057062108795437,-0.5925601459721732,-0.7211425397236806,-0.48329169638565084,0.1634979335302887
145,0.1340956687927246,0.005818804863706436,0.006206130981445313,0.0004003763589283707,0.9,500,1,11,0.08,10.0,"{'rgr__subsample': 0.9, 'rgr__n_estimators': 500, 'rgr__min_child_weight': 1, 'rgr__max_depth': 11, 'rgr__learning_rate': 0.08, 'rgr__gamma': 10.0}",-0.29967123708552335,-0.4926801953052615,-0.3084358983032899,-0.5960314020858296,-0.7221258286649334,-0.4837889122889675,0.16378639441251577
146,0.06626510620117188,0.0026409686596366917,0.006005716323852539,0.000633012873872958,0.9,200,0.1,4,0.08,10.0,"{'rgr__subsample': 0.9, 'rgr__n_estimators': 200, 'rgr__min_child_weight': 0.1, 'rgr__max_depth': 4, 'rgr__learning_rate': 0.08, 'rgr__gamma': 10.0}",-0.2997717299758211,-0.4948906303725939,-0.3092009184112838,-0.5956196435421169,-0.7200145173342483,-0.48389948792721277,0.1629571274500606
147,0.05465364456176758,0.002156061507749476,0.006406211853027343,0.001020805417394147,0.8,150,0.001,10,0.09,10.0,"{'rgr__subsample': 0.8, 'rgr__n_estimators': 150, 'rgr__min_child_weight': 0.001, 'rgr__max_depth': 10, 'rgr__learning_rate': 0.09, 'rgr__gamma': 10.0}",-0.30912504276017033,-0.49590397294717775,-0.2976562563708881,-0.6044971420012323,-0.7131947016881319,-0.48407542315352003,0.1627861726931302
148,0.24203743934631347,0.013345911005495162,0.006606388092041016,0.0004903101909430218,0.9,950,1,8,0.03,10.0,"{'rgr__subsample': 0.9, 'rgr__n_estimators': 950, 'rgr__min_child_weight': 1, 'rgr__max_depth': 8, 'rgr__learning_rate': 0.03, 'rgr__gamma': 10.0}",-0.2987054215146176,-0.497835806212532,-0.3139888586488177,-0.597999231082341,-0.7126253337040415,-0.48423093023247,0.1604334128465426
149,0.08948774337768554,0.0040832053004188455,0.005805683135986328,0.00040040020433311876,0.8,300,0.01,4,0.06,10.0,"{'rgr__subsample': 0.8, 'rgr__n_estimators': 300, 'rgr__min_child_weight': 0.01, 'rgr__max_depth': 4, 'rgr__learning_rate': 0.06, 'rgr__gamma': 10.0}",-0.30715941975192196,-0.4964837515863,-0.30458784395805727,-0.6029131697955206,-0.720609887646939,-0.48635081454774776,0.16353232454147387
150,0.0792778491973877,0.0031271458780941287,0.005805587768554688,0.00040035250642402915,0.8,250,1,8,0.06,10.0,"{'rgr__subsample': 0.8, 'rgr__n_estimators': 250, 'rgr__min_child_weight': 1, 'rgr__max_depth': 8, 'rgr__learning_rate': 0.06, 'rgr__gamma': 10.0}",-0.3085112554091787,-0.4957616658838544,-0.30455670605641305,-0.6029937290046482,-0.7215430967537275,-0.4866732906215644,0.1635145436637342
151,0.2504453659057617,0.010077606335755997,0.006606674194335938,0.0010208054396680956,0.8,900,0.1,8,0.01,10.0,"{'rgr__subsample': 0.8, 'rgr__n_estimators': 900, 'rgr__min_child_weight': 0.1, 'rgr__max_depth': 8, 'rgr__learning_rate': 0.01, 'rgr__gamma': 10.0}",-0.30528817549367937,-0.4990133552650619,-0.3163501372936748,-0.5949986642079297,-0.7221609174667992,-0.487562249945429,0.1607779036194628
152,0.13917713165283202,0.006349156031228918,0.006406354904174805,0.0004903296673987,0.6,450,0.01,3,0.01,10.0,"{'rgr__subsample': 0.6, 'rgr__n_estimators': 450, 'rgr__min_child_weight': 0.01, 'rgr__max_depth': 3, 'rgr__learning_rate': 0.01, 'rgr__gamma': 10.0}",-0.30763115476224534,-0.5050889641640586,-0.3133893084742787,-0.5982905515251535,-0.7169539524700331,-0.4882707862791539,0.1599358609599611
153,0.16669540405273436,0.009680371657662855,0.006206226348876953,0.00040020944108330085,0.9,600,0.001,8,0.02,10.0,"{'rgr__subsample': 0.9, 'rgr__n_estimators': 600, 'rgr__min_child_weight': 0.001, 'rgr__max_depth': 8, 'rgr__learning_rate': 0.02, 'rgr__gamma': 10.0}",-0.3068128950903792,-0.5009951393945031,-0.32221309417195054,-0.6008039862115677,-0.7167350397585003,-0.48951203092538015,0.1584398720703831
154,0.19819416999816894,0.008680364184500876,0.006406450271606445,0.00049054379248218,0.8,700,1,8,0.01,10.0,"{'rgr__subsample': 0.8, 'rgr__n_estimators': 700, 'rgr__min_child_weight': 1, 'rgr__max_depth': 8, 'rgr__learning_rate': 0.01, 'rgr__gamma': 10.0}",-0.30591048332790055,-0.5009096598489028,-0.3176680718857006,-0.5971297577016643,-0.7275382870229997,-0.4898312519574336,0.16223892546593555
155,0.08587865829467774,0.003968952232748132,0.00600581169128418,9.536743164062499e-08,0.8,250,1,9,0.02,10.0,"{'rgr__subsample': 0.8, 'rgr__n_estimators': 250, 'rgr__min_child_weight': 1, 'rgr__max_depth': 9, 'rgr__learning_rate': 0.02, 'rgr__gamma': 10.0}",-0.30178191885175093,-0.5049173654857466,-0.31812380506545973,-0.6077447561150567,-0.7234189076099669,-0.4911973506255962,0.1634203451404761
156,0.0846829891204834,0.0038820752448810187,0.006406307220458984,0.0004904659484818143,0.5,250,0.001,10,0.02,10.0,"{'rgr__subsample': 0.5, 'rgr__n_estimators': 250, 'rgr__min_child_weight': 0.001, 'rgr__max_depth': 10, 'rgr__learning_rate': 0.02, 'rgr__gamma': 10.0}",-0.30913770214604136,-0.5072547023284326,-0.30933804917630653,-0.6048367175646899,-0.7332619616211544,-0.492765826567325,0.16611636927327858
157,0.2110069751739502,0.010638787300029252,0.006205987930297851,0.00040020944108330085,0.9,750,0,13,0.01,10.0,"{'rgr__subsample': 0.9, 'rgr__n_estimators': 750, 'rgr__min_child_weight': 0, 'rgr__max_depth': 13, 'rgr__learning_rate': 0.01, 'rgr__gamma': 10.0}",-0.3107193111363813,-0.5058806335213332,-0.32044642290039305,-0.599028908875803,-0.7282238539918179,-0.49285982608514567,0.16108332625253405
158,0.11411199569702149,0.004565096961630868,0.006205987930297851,0.0007489781804950969,0.7,350,1,2,0.01,10.0,"{'rgr__subsample': 0.7, 'rgr__n_estimators': 350, 'rgr__min_child_weight': 1, 'rgr__max_depth': 2, 'rgr__learning_rate': 0.01, 'rgr__gamma': 10.0}",-0.31117362125492276,-0.5132479599905806,-0.31822211369041503,-0.6026919351752321,-0.7328141543763377,-0.49562995689749767,0.16341767796018056
159,0.1409379482269287,0.006375005647240276,0.006206083297729492,0.00040040017593981613,0.9,450,0.1,4,0.01,10.0,"{'rgr__subsample': 0.9, 'rgr__n_estimators': 450, 'rgr__min_child_weight': 0.1, 'rgr__max_depth': 4, 'rgr__learning_rate': 0.01, 'rgr__gamma': 10.0}",-0.31377715060814865,-0.5126863936488275,-0.3241315618924349,-0.6010478292664345,-0.7311040021442169,-0.4965493875120125,0.1608289723374797
160,0.10190005302429199,0.004358532871773148,0.00600581169128418,0.0006331636450608986,0.5,300,0.1,13,0.01,10.0,"{'rgr__subsample': 0.5, 'rgr__n_estimators': 300, 'rgr__min_child_weight': 0.1, 'rgr__max_depth': 13, 'rgr__learning_rate': 0.01, 'rgr__gamma': 10.0}",-0.31327615589526936,-0.5211295142709939,-0.32042490514564476,-0.6135208593354606,-0.7404317626514848,-0.5017566394597707,0.16627594781418617
161,0.14273977279663086,0.006658018417975534,0.005405569076538086,0.000490543838833529,1.0,550,0.01,11,0.07,10.0,"{'rgr__subsample': 1.0, 'rgr__n_estimators': 550, 'rgr__min_child_weight': 0.01, 'rgr__max_depth': 11, 'rgr__learning_rate': 0.07, 'rgr__gamma': 10.0}",-0.32356449386795905,-0.524506930559135,-0.3379345521191859,-0.6230267320708082,-0.7471522052342949,-0.5112369827702766,0.16345257863588977
162,0.16516170501708985,0.007077986639789137,0.0062062740325927734,0.00040042401424792936,1.0,650,0.1,3,0.08,10.0,"{'rgr__subsample': 1.0, 'rgr__n_estimators': 650, 'rgr__min_child_weight': 0.1, 'rgr__max_depth': 3, 'rgr__learning_rate': 0.08, 'rgr__gamma': 10.0}",-0.3178771986246496,-0.5277636523543865,-0.33940230453586007,-0.6168617766257041,-0.7545696025059129,-0.5112949069293026,0.16586478692277007
163,0.14474177360534668,0.005891486232803552,0.0062062740325927734,0.0007490928879562927,1.0,550,0,9,0.05,10.0,"{'rgr__subsample': 1.0, 'rgr__n_estimators': 550, 'rgr__min_child_weight': 0, 'rgr__max_depth': 9, 'rgr__learning_rate': 0.05, 'rgr__gamma': 10.0}",-0.3235164268836405,-0.5329549065186284,-0.3383808430716209,-0.6179499776782231,-0.7509331257059273,-0.5127470559716081,0.16396366851283395
164,0.17675213813781737,0.0068772217550640115,0.006206130981445313,0.00040025713899915447,1.0,700,0.01,7,0.06,10.0,"{'rgr__subsample': 1.0, 'rgr__n_estimators': 700, 'rgr__min_child_weight': 0.01, 'rgr__max_depth': 7, 'rgr__learning_rate': 0.06, 'rgr__gamma': 10.0}",-0.32812028400775906,-0.5288519744596556,-0.3401584667094677,-0.6220882033794339,-0.7504196223372946,-0.5139277101787222,0.162831200982073
165,0.1731696605682373,0.00908637335323484,0.006606531143188476,0.0010207493166852694,1.0,600,1,3,0.01,10.0,"{'rgr__subsample': 1.0, 'rgr__n_estimators': 600, 'rgr__min_child_weight': 1, 'rgr__max_depth': 3, 'rgr__learning_rate': 0.01, 'rgr__gamma': 10.0}",-0.33136744032841187,-0.5352819195144908,-0.3434780546832745,-0.6274414520537017,-0.7554860977311456,-0.5186109928622049,0.16368475674332658
165,0.18368086814880372,0.008081619508149805,0.0058056354522705075,0.000400376330533377,1.0,650,0.001,6,0.01,10.0,"{'rgr__subsample': 1.0, 'rgr__n_estimators': 650, 'rgr__min_child_weight': 0.001, 'rgr__max_depth': 6, 'rgr__learning_rate': 0.01, 'rgr__gamma': 10.0}",-0.33136744032841187,-0.5352819195144908,-0.3434780546832745,-0.6274414520537017,-0.7554860977311456,-0.5186109928622049,0.16368475674332658
167,0.09669466018676758,0.004228141726397727,0.006006002426147461,2.611744678045111e-07,0.6,350,0,9,0.07,100.0,"{'rgr__subsample': 0.6, 'rgr__n_estimators': 350, 'rgr__min_child_weight': 0, 'rgr__max_depth': 9, 'rgr__learning_rate': 0.07, 'rgr__gamma': 100.0}",-0.5556618783295504,-0.7930818676446036,-0.6192508240503887,-0.9134057578510879,-0.9618883527267929,-0.7686577361204847,0.15910767423358435
168,0.09749555587768555,0.004458569016987803,0.0060059547424316405,0.0006330128559133171,0.5,350,0.01,13,0.1,100.0,"{'rgr__subsample': 0.5, 'rgr__n_estimators': 350, 'rgr__min_child_weight': 0.01, 'rgr__max_depth': 13, 'rgr__learning_rate': 0.1, 'rgr__gamma': 100.0}",-0.5560871657609398,-0.7941195371841464,-0.6210085249523775,-0.912775628192598,-0.9608290800170054,-0.7689639872214135,0.15832508552757651
169,0.22261829376220704,0.009592752784809292,0.006606435775756836,0.0004903491245328811,0.8,900,1,5,0.07,100.0,"{'rgr__subsample': 0.8, 'rgr__n_estimators': 900, 'rgr__min_child_weight': 1, 'rgr__max_depth': 5, 'rgr__learning_rate': 0.07, 'rgr__gamma': 100.0}",-0.5546341722662063,-0.8007896741343533,-0.6199187536779303,-0.9116726699136738,-0.9615257435354355,-0.7697082027055198,0.1591274045507639
170,0.131528902053833,0.006157711390062556,0.006406259536743164,0.0004903101909430217,0.5,500,0.1,11,0.1,100.0,"{'rgr__subsample': 0.5, 'rgr__n_estimators': 500, 'rgr__min_child_weight': 0.1, 'rgr__max_depth': 11, 'rgr__learning_rate': 0.1, 'rgr__gamma': 100.0}",-0.5564687042590524,-0.7885580423173081,-0.6163036138295994,-0.9179681363638587,-0.9720615895156562,-0.7702720172570949,0.1626564967573974
171,0.13112854957580566,0.0054826614876906125,0.005805826187133789,0.0007491183477892472,0.5,500,0.001,12,0.09,100.0,"{'rgr__subsample': 0.5, 'rgr__n_estimators': 500, 'rgr__min_child_weight': 0.001, 'rgr__max_depth': 12, 'rgr__learning_rate': 0.09, 'rgr__gamma': 100.0}",-0.5562467579169177,-0.789722173803196,-0.6165496510239157,-0.9177181609161527,-0.9718056795536962,-0.7704084846427757,0.16258645411441686
172,0.06422901153564453,0.002233308015620552,0.006606531143188476,0.0010207493166852694,0.7,200,0.001,8,0.09,100.0,"{'rgr__subsample': 0.7, 'rgr__n_estimators': 200, 'rgr__min_child_weight': 0.001, 'rgr__max_depth': 8, 'rgr__learning_rate': 0.09, 'rgr__gamma': 100.0}",-0.5545234082584879,-0.8045521691684855,-0.6200848417164131,-0.9116009802392293,-0.9636673455853222,-0.7708857489935876,0.15978268007537977
173,0.22458486557006835,0.012937585818007868,0.006206226348876953,0.0004004479306287464,0.8,900,0.1,8,0.02,100.0,"{'rgr__subsample': 0.8, 'rgr__n_estimators': 900, 'rgr__min_child_weight': 0.1, 'rgr__max_depth': 8, 'rgr__learning_rate': 0.02, 'rgr__gamma': 100.0}",-0.5546006273066983,-0.8012537098330144,-0.6196993935023314,-0.9128202935025159,-0.9662180706668697,-0.770918418962286,0.16053591901751035
174,0.23603134155273436,0.013011151149033033,0.0062061786651611325,0.0004003525632173939,0.8,950,0,7,0.02,100.0,"{'rgr__subsample': 0.8, 'rgr__n_estimators': 950, 'rgr__min_child_weight': 0, 'rgr__max_depth': 7, 'rgr__learning_rate': 0.02, 'rgr__gamma': 100.0}",-0.5547377670161697,-0.8013080300613986,-0.6198250332871071,-0.9131246647650129,-0.966094765832415,-0.7710180521924206,0.16050120686297864
175,0.06392903327941894,0.0024388359619691513,0.005805683135986328,0.0007489526946460898,0.7,200,0,12,0.08,100.0,"{'rgr__subsample': 0.7, 'rgr__n_estimators': 200, 'rgr__min_child_weight': 0, 'rgr__max_depth': 12, 'rgr__learning_rate': 0.08, 'rgr__gamma': 100.0}",-0.5545346690965696,-0.8045041800751498,-0.6201079823529638,-0.9116884896657431,-0.9642562547758702,-0.7710183151932594,0.15993086006923468
175,0.06366252899169922,0.002579412414648126,0.006005668640136718,2.431401974483864e-07,0.7,200,0.01,3,0.08,100.0,"{'rgr__subsample': 0.7, 'rgr__n_estimators': 200, 'rgr__min_child_weight': 0.01, 'rgr__max_depth': 3, 'rgr__learning_rate': 0.08, 'rgr__gamma': 100.0}",-0.5545346690965696,-0.8045041800751498,-0.6201079823529638,-0.9116884896657431,-0.9642562547758702,-0.7710183151932594,0.15993086006923468
177,0.11210989952087402,0.004779581599752808,0.006606578826904297,0.0008007884180851925,0.7,400,0.1,11,0.1,100.0,"{'rgr__subsample': 0.7, 'rgr__n_estimators': 400, 'rgr__min_child_weight': 0.1, 'rgr__max_depth': 11, 'rgr__learning_rate': 0.1, 'rgr__gamma': 100.0}",-0.5545076592003214,-0.8039125914920885,-0.6202452104015437,-0.9129216852573762,-0.9639227857878704,-0.77110198642784,0.16002505610485696
178,0.0971959114074707,0.004180942310873707,0.006006002426147461,0.0006333144449791343,0.6,350,0,5,0.01,100.0,"{'rgr__subsample': 0.6, 'rgr__n_estimators': 350, 'rgr__min_child_weight': 0, 'rgr__max_depth': 5, 'rgr__learning_rate': 0.01, 'rgr__gamma': 100.0}",-0.5547440000412174,-0.800932935068972,-0.61939682181887,-0.9138260459934398,-0.9670114556565163,-0.7711822517158031,0.1609134959156023
179,0.14294023513793946,0.005641120547423887,0.006406211853027343,0.0008008957051129305,0.9,550,0.1,6,0.08,100.0,"{'rgr__subsample': 0.9, 'rgr__n_estimators': 550, 'rgr__min_child_weight': 0.1, 'rgr__max_depth': 6, 'rgr__learning_rate': 0.08, 'rgr__gamma': 100.0}",-0.5549404909291796,-0.7995107256402321,-0.6190451061944505,-0.9141369732506632,-0.968527611351852,-0.7712321814732755,0.16130092591455203
180,0.0976956844329834,0.003830110396143001,0.006206130981445313,0.0004003763589283707,0.7,350,0.1,4,0.04,100.0,"{'rgr__subsample': 0.7, 'rgr__n_estimators': 350, 'rgr__min_child_weight': 0.1, 'rgr__max_depth': 4, 'rgr__learning_rate': 0.04, 'rgr__gamma': 100.0}",-0.5543955821634452,-0.8028432873527491,-0.6198142515152746,-0.9133649230422117,-0.9657734912075853,-0.7712383070562532,0.16061930118100384
181,0.235331392288208,0.008206863542932897,0.0060059547424316405,0.0006331636989269886,0.8,950,0.01,13,0.1,100.0,"{'rgr__subsample': 0.8, 'rgr__n_estimators': 950, 'rgr__min_child_weight': 0.01, 'rgr__max_depth': 13, 'rgr__learning_rate': 0.1, 'rgr__gamma': 100.0}",-0.5545427201828521,-0.8026148896325092,-0.6200756305325252,-0.9130156341557047,-0.9659840816334582,-0.7712465912274098,0.16051065318563282
182,0.1765730857849121,0.007372170830501691,0.006606578826904297,0.0008007288458305777,0.5,700,0.01,5,0.04,100.0,"{'rgr__subsample': 0.5, 'rgr__n_estimators': 700, 'rgr__min_child_weight': 0.01, 'rgr__max_depth': 5, 'rgr__learning_rate': 0.04, 'rgr__gamma': 100.0}",-0.5558806759851241,-0.7985827643379385,-0.6187878346909201,-0.9142465871623024,-0.9695958600760503,-0.7714187444504671,0.1613472648417923
183,0.1883847713470459,0.007607522769108263,0.007407379150390625,0.0018564300670209741,0.6,750,0.01,2,0.05,100.0,"{'rgr__subsample': 0.6, 'rgr__n_estimators': 750, 'rgr__min_child_weight': 0.01, 'rgr__max_depth': 2, 'rgr__learning_rate': 0.05, 'rgr__gamma': 100.0}",-0.5550351851327285,-0.8003819638797117,-0.6189997550069264,-0.9135434084895561,-0.9695599784711542,-0.7715040581960154,0.16146305677832234
184,0.19038643836975097,0.008384385897710199,0.0062061786651611325,0.0007490546358748074,0.6,750,0.001,6,0.06,100.0,"{'rgr__subsample': 0.6, 'rgr__n_estimators': 750, 'rgr__min_child_weight': 0.001, 'rgr__max_depth': 6, 'rgr__learning_rate': 0.06, 'rgr__gamma': 100.0}",-0.5550123945761298,-0.800316211930395,-0.6188372976197379,-0.9135943710040714,-0.9698228513508668,-0.7715166252962402,0.16157098769717385
185,0.17657322883605958,0.0077431745852036965,0.006206083297729492,0.0004002810199077889,0.5,700,0.1,13,0.07,100.0,"{'rgr__subsample': 0.5, 'rgr__n_estimators': 700, 'rgr__min_child_weight': 0.1, 'rgr__max_depth': 13, 'rgr__learning_rate': 0.07, 'rgr__gamma': 100.0}",-0.5560203154734664,-0.7978646654307722,-0.6181169301930951,-0.9150574472065097,-0.9711341879978733,-0.7716387092603434,0.16193542515153772
186,0.06366243362426757,0.0018565534862191447,0.006005859375,0.0008951620625473417,0.6,200,0.1,5,0.02,100.0,"{'rgr__subsample': 0.6, 'rgr__n_estimators': 200, 'rgr__min_child_weight': 0.1, 'rgr__max_depth': 5, 'rgr__learning_rate': 0.02, 'rgr__gamma': 100.0}",-0.554785446315537,-0.801882916270217,-0.619193669260413,-0.913637468472504,-0.9692626787787324,-0.7717524358194806,0.1614920160289003
187,0.21060647964477539,0.009819899203512313,0.006806755065917968,0.0004003763589283707,0.8,850,0.01,9,0.1,100.0,"{'rgr__subsample': 0.8, 'rgr__n_estimators': 850, 'rgr__min_child_weight': 0.01, 'rgr__max_depth': 9, 'rgr__learning_rate': 0.1, 'rgr__gamma': 100.0}",-0.5559971669905086,-0.796342520231842,-0.6182176053216828,-0.914704195235497,-0.9737809238597859,-0.7718084823278633,0.16246762892883457
188,0.1883845806121826,0.008502876798811978,0.006206130981445313,0.0004002571389991545,0.9,750,0.01,8,0.06,100.0,"{'rgr__subsample': 0.9, 'rgr__n_estimators': 750, 'rgr__min_child_weight': 0.01, 'rgr__max_depth': 8, 'rgr__learning_rate': 0.06, 'rgr__gamma': 100.0}",-0.5543353344392824,-0.8047061371778674,-0.6204161936403972,-0.9127355388893996,-0.9669769335045892,-0.771834027530307,0.160777863628213
189,0.1193169116973877,0.005119846245109913,0.006006002426147461,2.611744678045111e-07,0.7,450,0.1,9,0.08,100.0,"{'rgr__subsample': 0.7, 'rgr__n_estimators': 450, 'rgr__min_child_weight': 0.1, 'rgr__max_depth': 9, 'rgr__learning_rate': 0.08, 'rgr__gamma': 100.0}",-0.5544748120867098,-0.8033921407370507,-0.6189793997523778,-0.9156934410517598,-0.9668305064112555,-0.7718740600078307,0.1614463563554553
190,0.05145063400268555,0.0020613156697661455,0.006005764007568359,2.132480599880018e-07,1.0,150,1,4,0.1,100.0,"{'rgr__subsample': 1.0, 'rgr__n_estimators': 150, 'rgr__min_child_weight': 1, 'rgr__max_depth': 4, 'rgr__learning_rate': 0.1, 'rgr__gamma': 100.0}",-0.5542566248455207,-0.8041265774343815,-0.6199271502777661,-0.9133105295071665,-0.968103642146132,-0.7719449048421934,0.16124250994024164
190,0.1857820510864258,0.009402954398605707,0.006406450271606445,0.0004902517847608633,1.0,750,1,9,0.1,100.0,"{'rgr__subsample': 1.0, 'rgr__n_estimators': 750, 'rgr__min_child_weight': 1, 'rgr__max_depth': 9, 'rgr__learning_rate': 0.1, 'rgr__gamma': 100.0}",-0.5542566248455207,-0.8041265774343815,-0.6199271502777661,-0.9133105295071665,-0.968103642146132,-0.7719449048421934,0.16124250994024164
190,0.08525128364562988,0.0036960500394325924,0.005605506896972656,0.0004903101909430217,1.0,300,0.001,13,0.01,100.0,"{'rgr__subsample': 1.0, 'rgr__n_estimators': 300, 'rgr__min_child_weight': 0.001, 'rgr__max_depth': 13, 'rgr__learning_rate': 0.01, 'rgr__gamma': 100.0}",-0.5542566248455207,-0.8041265774343815,-0.6199271502777661,-0.9133105295071665,-0.968103642146132,-0.7719449048421934,0.16124250994024164
190,0.05177340507507324,0.0018987962707362575,0.006205892562866211,0.0004004956001411572,1.0,150,0.001,6,0.1,100.0,"{'rgr__subsample': 1.0, 'rgr__n_estimators': 150, 'rgr__min_child_weight': 0.001, 'rgr__max_depth': 6, 'rgr__learning_rate': 0.1, 'rgr__gamma': 100.0}",-0.5542566248455207,-0.8041265774343815,-0.6199271502777661,-0.9133105295071665,-0.968103642146132,-0.7719449048421934,0.16124250994024164
194,0.05285205841064453,0.001601445684435539,0.006005668640136718,0.0006330128774648861,0.9,150,1,9,0.07,100.0,"{'rgr__subsample': 0.9, 'rgr__n_estimators': 150, 'rgr__min_child_weight': 1, 'rgr__max_depth': 9, 'rgr__learning_rate': 0.07, 'rgr__gamma': 100.0}",-0.5540437317909257,-0.8047569084155546,-0.6199051518032918,-0.9130630675539168,-0.9679728248379855,-0.7719483368803349,0.16125440552484863
195,0.05205106735229492,0.0025322775999669497,0.005605554580688477,0.0004903491245328811,0.8,150,0.01,12,0.05,100.0,"{'rgr__subsample': 0.8, 'rgr__n_estimators': 150, 'rgr__min_child_weight': 0.01, 'rgr__max_depth': 12, 'rgr__learning_rate': 0.05, 'rgr__gamma': 100.0}",-0.5536699690187048,-0.8070768447080428,-0.6209618871832698,-0.9125703780776481,-0.9655397341987484,-0.7719637626372828,0.16057929650305955
196,0.1885848045349121,0.008195851797626852,0.00600590705871582,0.0006330128595052454,0.8,750,0,7,0.05,100.0,"{'rgr__subsample': 0.8, 'rgr__n_estimators': 750, 'rgr__min_child_weight': 0, 'rgr__max_depth': 7, 'rgr__learning_rate': 0.05, 'rgr__gamma': 100.0}",-0.5544487196576747,-0.8026033220238065,-0.6197319672724667,-0.9132632839628646,-0.9699201455275872,-0.77199348768888,0.1616034503825795
197,0.041040468215942386,0.0017906439622588253,0.006806468963623047,0.0013279268036710226,0.7,100,0,13,0.07,100.0,"{'rgr__subsample': 0.7, 'rgr__n_estimators': 100, 'rgr__min_child_weight': 0, 'rgr__max_depth': 13, 'rgr__learning_rate': 0.07, 'rgr__gamma': 100.0}",-0.5536743311168985,-0.8089552665681408,-0.6209776972793036,-0.9126960682969195,-0.9643393051532415,-0.7721285336829008,0.1603927895361526
198,0.04224162101745606,0.0029286909993070437,0.006406021118164062,0.0004903101909430218,0.9,100,0,10,0.03,100.0,"{'rgr__subsample': 0.9, 'rgr__n_estimators': 100, 'rgr__min_child_weight': 0, 'rgr__max_depth': 10, 'rgr__learning_rate': 0.03, 'rgr__gamma': 100.0}",-0.5539275038336493,-0.8065600404749086,-0.620411129444612,-0.9128704514711675,-0.967828828556622,-0.7723195907561918,0.1611968356751464
199,0.23300070762634278,0.009766435541102956,0.006806659698486328,0.0011672507441162206,0.5,950,0.01,3,0.05,100.0,"{'rgr__subsample': 0.5, 'rgr__n_estimators': 950, 'rgr__min_child_weight': 0.01, 'rgr__max_depth': 3, 'rgr__learning_rate': 0.05, 'rgr__gamma': 100.0}",-0.5548660626035903,-0.8030826265607938,-0.6195812220329876,-0.9143604392347678,-0.9697634927402877,-0.7723307686344855,0.16169174808916453
200,0.08668522834777832,0.004321584412679465,0.006005859375,2.4314019744838644e-07,0.5,300,1,11,0.09,100.0,"{'rgr__subsample': 0.5, 'rgr__n_estimators': 300, 'rgr__min_child_weight': 1, 'rgr__max_depth': 11, 'rgr__learning_rate': 0.09, 'rgr__gamma': 100.0}",-0.5532886596322442,-0.8183727548182175,-0.6226996441618461,-0.9116352120880078,-0.9642006118044646,-0.7740393765009561,0.16043313336003906
